2025-11-13 12:26:09.646 [INFO] ==================================================
2025-11-13 12:26:09.647 [INFO] CellAnalyzer application started
2025-11-13 12:26:09.647 [INFO] ==================================================
2025-11-13 12:26:11.766 [INFO] Settings loaded from: D:/github/cell-analyzer/build-release/Release/settings.json
2025-11-13 12:26:11.770 [INFO] Settings loaded in dialog
2025-11-13 12:26:27.050 [INFO] Settings saved to: D:/github/cell-analyzer/build-release/Release/settings.json
2025-11-13 12:26:27.050 [INFO] Coefficient updated: 0.9745 μm/px
2025-11-13 12:26:27.050 [INFO] Coefficient saved: 0.97450
2025-11-13 12:26:27.051 [INFO] Settings saved to: D:/github/cell-analyzer/build-release/Release/settings.json
2025-11-13 12:26:27.054 [INFO] Min threshold saved: 50
2025-11-13 12:26:27.054 [INFO] Settings saved to: D:/github/cell-analyzer/build-release/Release/settings.json
2025-11-13 12:26:27.054 [INFO] Max threshold saved: 100
2025-11-13 12:26:27.054 [INFO] Settings saved to: D:/github/cell-analyzer/build-release/Release/settings.json
2025-11-13 12:26:27.054 [INFO] Cell highlight color saved: #FF0004
2025-11-13 12:26:27.062 [INFO] Settings saved to: D:/github/cell-analyzer/build-release/Release/settings.json
2025-11-13 12:26:27.062 [INFO] Cell selection color saved: #1E00FF
2025-11-13 12:26:27.062 [INFO] Settings saved to: D:/github/cell-analyzer/build-release/Release/settings.json
2025-11-13 12:26:27.062 [INFO] Ignore border cells: 1
2025-11-13 12:26:27.062 [INFO] Settings saved to: D:/github/cell-analyzer/build-release/Release/settings.json
2025-11-13 12:26:27.062 [INFO] Cell visibility threshold updated: 60%
2025-11-13 12:26:27.062 [INFO] Visibility threshold: 60%
2025-11-13 12:26:27.062 [INFO] Settings saved to: D:/github/cell-analyzer/build-release/Release/settings.json
2025-11-13 12:26:27.062 [INFO] Min cell diameter updated: 25 px
2025-11-13 12:26:27.062 [INFO] Min cell diameter: 25 px
2025-11-13 12:26:27.062 [INFO] Settings saved to: D:/github/cell-analyzer/build-release/Release/settings.json
2025-11-13 12:26:27.062 [INFO] Max cell diameter updated: 165 px
2025-11-13 12:26:27.062 [INFO] Max cell diameter: 165 px
2025-11-13 12:26:27.062 [INFO] All settings saved
2025-11-13 16:50:37.751 [INFO] ==================================================
2025-11-13 16:50:37.752 [INFO] CellAnalyzer application started
2025-11-13 16:50:37.752 [INFO] ==================================================
2025-11-13 16:55:57.332 [INFO] Starting YOLO analysis for 8 images
2025-11-13 16:55:57.332 [INFO] ImageProcessor created (ONNX-based)
2025-11-13 16:55:57.332 [INFO] ImageProcessor created successfully
2025-11-13 16:55:57.332 [INFO] Settings loaded from: D:/github/cell-analyzer/build-release/Release/settings.json
2025-11-13 16:55:57.332 [INFO] Processing 8 images with YOLO (ignoreBorderCells=1, visibilityThreshold=60, diameterRange=25-165)
2025-11-13 16:55:57.332 [INFO] Processing 8 images with YOLO model
2025-11-13 16:55:57.332 [INFO] Model: ml-data/models/yolov8s_cells_v1.0.onnx
2025-11-13 16:55:57.332 [INFO] Confidence threshold: 0.1
2025-11-13 16:55:57.362 [INFO] Loading ONNX model: D:/github/cell-analyzer/build-release/Release/ml-data/models/yolov8s_cells_v1.0.onnx
2025-11-13 16:55:57.475 [INFO] Using CPU backend
2025-11-13 16:55:57.842 [INFO] Output shape: [1, 38, 8400]
2025-11-13 16:55:57.842 [INFO] Image size: 1388x1040
2025-11-13 16:55:57.842 [INFO] Detected NON-transposed format: [1, 38, 8400]
2025-11-13 16:55:57.842 [INFO] Scale factors: scaleX=2.16875, scaleY=1.625
2025-11-13 16:55:57.842 [INFO] Detection 0: x=8.22595, y=6.13378, w=16.959, h=13.0373, score=0.0286407
2025-11-13 16:55:57.842 [INFO] Detection 76: x=604.704, y=5.43094, w=73.3755, h=11.2632, score=0.0162674
2025-11-13 16:55:57.842 [INFO] Detection 975: x=125.601, y=111.564, w=40.985, h=53.0071, score=0.281421
2025-11-13 16:55:57.842 [INFO] Detection 976: x=125.496, y=111.584, w=40.6826, h=53.1266, score=0.106159
2025-11-13 16:55:57.842 [INFO] Detection 1054: x=125.642, y=111.511, w=40.932, h=52.9776, score=0.0127823
2025-11-13 16:55:57.842 [INFO] Before NMS: 347 detections
2025-11-13 16:55:57.842 [INFO] After NMS: 39 detections
2025-11-13 16:55:57.842 [INFO] Cell calculation: bbox(910,412,98,95) -> diameter=98, radius=49, center=(959,461)
2025-11-13 16:55:57.842 [INFO] Cell calculation: bbox(642,458,76,75) -> diameter=76, radius=38, center=(680,496)
2025-11-13 16:55:57.842 [INFO] Cell calculation: bbox(957,500,96,93) -> diameter=96, radius=48, center=(1005,548)
2025-11-13 16:55:57.842 [INFO] Cell calculation: bbox(16,800,80,79) -> diameter=80, radius=40, center=(56,840)
2025-11-13 16:55:57.842 [INFO] Cell calculation: bbox(454,892,105,102) -> diameter=105, radius=52, center=(506,944)
2025-11-13 16:55:57.842 [INFO] Cell calculation: bbox(719,926,111,111) -> diameter=111, radius=55, center=(774,981)
2025-11-13 16:55:57.842 [INFO] Cell calculation: bbox(0,942,48,73) -> diameter=73, radius=36, center=(12,978)
2025-11-13 16:55:57.842 [INFO] Cell calculation: bbox(33,872,98,98) -> diameter=98, radius=49, center=(82,921)
2025-11-13 16:55:57.842 [INFO] Cell calculation: bbox(806,998,76,41) -> diameter=76, radius=38, center=(844,1036)
2025-11-13 16:55:57.842 [INFO] Cell calculation: bbox(818,922,77,80) -> diameter=80, radius=40, center=(858,962)
2025-11-13 16:55:57.842 [INFO] Cell calculation: bbox(0,822,26,106) -> diameter=106, radius=53, center=(-27,875)
2025-11-13 16:55:57.842 [INFO] Cell calculation: bbox(875,1028,62,11) -> diameter=62, radius=31, center=(906,1059)
2025-11-13 16:55:57.842 [INFO] Cell calculation: bbox(712,1022,56,16) -> diameter=56, radius=28, center=(740,1050)
2025-11-13 16:55:57.842 [INFO] ONNX detected 35 cells in D:/github/cell-analyzer/cells/ТИМ/ТИМ1.jpg
2025-11-13 16:55:57.903 [INFO] Loading ONNX model: D:/github/cell-analyzer/build-release/Release/ml-data/models/yolov8s_cells_v1.0.onnx
2025-11-13 16:55:58.007 [INFO] Using CPU backend
2025-11-13 16:55:58.303 [INFO] Output shape: [1, 38, 8400]
2025-11-13 16:55:58.303 [INFO] Image size: 1388x1040
2025-11-13 16:55:58.303 [INFO] Detected NON-transposed format: [1, 38, 8400]
2025-11-13 16:55:58.303 [INFO] Scale factors: scaleX=2.16875, scaleY=1.625
2025-11-13 16:55:58.303 [INFO] Detection 0: x=11.2799, y=5.77863, w=23.0566, h=12.3732, score=0.0371662
2025-11-13 16:55:58.303 [INFO] Detection 1: x=25.0372, y=4.60221, w=50.9569, h=9.36364, score=0.0120038
2025-11-13 16:55:58.303 [INFO] Detection 2: x=26.2921, y=4.7131, w=56.2343, h=9.69751, score=0.0182267
2025-11-13 16:55:58.303 [INFO] Detection 3: x=30.5408, y=4.07967, w=62.9452, h=8.49069, score=0.0139091
2025-11-13 16:55:58.303 [INFO] Detection 4: x=32.926, y=3.59133, w=57.8914, h=7.47881, score=0.016108
2025-11-13 16:55:58.303 [INFO] Before NMS: 966 detections
2025-11-13 16:55:58.303 [INFO] After NMS: 114 detections
2025-11-13 16:55:58.303 [INFO] Cell calculation: bbox(448,153,75,73) -> diameter=75, radius=37, center=(485,190)
2025-11-13 16:55:58.303 [INFO] Cell calculation: bbox(666,851,75,74) -> diameter=75, radius=37, center=(703,888)
2025-11-13 16:55:58.303 [INFO] Cell calculation: bbox(605,529,87,88) -> diameter=88, radius=44, center=(649,573)
2025-11-13 16:55:58.303 [INFO] Cell calculation: bbox(264,979,97,60) -> diameter=97, radius=48, center=(312,1027)
2025-11-13 16:55:58.303 [INFO] Cell calculation: bbox(565,0,89,66) -> diameter=89, radius=44, center=(609,22)
2025-11-13 16:55:58.303 [INFO] Cell calculation: bbox(837,896,99,101) -> diameter=101, radius=50, center=(887,946)
2025-11-13 16:55:58.303 [INFO] Cell calculation: bbox(479,12,109,102) -> diameter=109, radius=54, center=(533,60)
2025-11-13 16:55:58.303 [INFO] Cell calculation: bbox(192,24,76,73) -> diameter=76, radius=38, center=(230,59)
2025-11-13 16:55:58.303 [INFO] Cell calculation: bbox(541,969,88,70) -> diameter=88, radius=44, center=(585,1013)
2025-11-13 16:55:58.303 [INFO] Cell calculation: bbox(1015,0,112,96) -> diameter=112, radius=56, center=(1071,40)
2025-11-13 16:55:58.303 [INFO] Cell calculation: bbox(1303,124,83,102) -> diameter=102, radius=51, center=(1354,175)
2025-11-13 16:55:58.303 [INFO] Cell calculation: bbox(1260,193,92,91) -> diameter=92, radius=46, center=(1306,239)
2025-11-13 16:55:58.303 [INFO] Cell calculation: bbox(648,0,69,27) -> diameter=69, radius=34, center=(682,-7)
2025-11-13 16:55:58.303 [INFO] Cell calculation: bbox(1122,0,68,51) -> diameter=68, radius=34, center=(1156,17)
2025-11-13 16:55:58.303 [INFO] Cell calculation: bbox(192,0,73,25) -> diameter=73, radius=36, center=(228,-11)
2025-11-13 16:55:58.303 [INFO] Cell calculation: bbox(713,0,94,54) -> diameter=94, radius=47, center=(760,7)
2025-11-13 16:55:58.303 [INFO] Cell calculation: bbox(197,958,82,73) -> diameter=82, radius=41, center=(238,999)
2025-11-13 16:55:58.303 [INFO] Cell calculation: bbox(497,0,86,19) -> diameter=86, radius=43, center=(540,-24)
2025-11-13 16:55:58.303 [INFO] Cell calculation: bbox(259,0,156,38) -> diameter=156, radius=78, center=(337,-40)
2025-11-13 16:55:58.303 [INFO] Cell calculation: bbox(876,16,88,85) -> diameter=88, radius=44, center=(920,57)
2025-11-13 16:55:58.303 [INFO] Cell calculation: bbox(765,29,81,67) -> diameter=81, radius=40, center=(805,56)
2025-11-13 16:55:58.303 [INFO] Cell calculation: bbox(809,0,82,65) -> diameter=82, radius=41, center=(850,24)
2025-11-13 16:55:58.303 [INFO] Cell calculation: bbox(1329,630,58,96) -> diameter=96, radius=48, center=(1377,678)
2025-11-13 16:55:58.303 [INFO] Cell calculation: bbox(1182,0,111,91) -> diameter=111, radius=55, center=(1237,36)
2025-11-13 16:55:58.303 [INFO] Cell calculation: bbox(863,0,95,26) -> diameter=95, radius=47, center=(910,-21)
2025-11-13 16:55:58.303 [INFO] Cell calculation: bbox(1255,0,90,24) -> diameter=90, radius=45, center=(1300,-21)
2025-11-13 16:55:58.303 [INFO] Cell calculation: bbox(1272,19,82,82) -> diameter=82, radius=41, center=(1313,60)
2025-11-13 16:55:58.303 [INFO] Cell calculation: bbox(1331,900,56,65) -> diameter=65, radius=32, center=(1363,932)
2025-11-13 16:55:58.303 [INFO] Cell calculation: bbox(1128,541,235,174) -> diameter=235, radius=117, center=(1245,658)
2025-11-13 16:55:58.303 [INFO] Cell calculation: bbox(1360,738,26,100) -> diameter=100, radius=50, center=(1410,788)
2025-11-13 16:55:58.303 [INFO] Cell calculation: bbox(1362,311,24,127) -> diameter=127, radius=63, center=(1425,374)
2025-11-13 16:55:58.303 [INFO] Cell calculation: bbox(1342,0,44,13) -> diameter=44, radius=22, center=(1364,-9)
2025-11-13 16:55:58.303 [INFO] Cell calculation: bbox(436,1022,61,17) -> diameter=61, radius=30, center=(466,1052)
2025-11-13 16:55:58.303 [INFO] Cell calculation: bbox(1353,7,33,86) -> diameter=86, radius=43, center=(1396,50)
2025-11-13 16:55:58.303 [INFO] Cell calculation: bbox(183,1028,94,10) -> diameter=94, radius=47, center=(230,1075)
2025-11-13 16:55:58.303 [INFO] Cell calculation: bbox(1365,67,21,83) -> diameter=83, radius=41, center=(1406,108)
2025-11-13 16:55:58.303 [INFO] Cell calculation: bbox(977,13,44,45) -> diameter=45, radius=22, center=(999,35)
2025-11-13 16:55:58.303 [INFO] Cell calculation: bbox(106,0,99,13) -> diameter=99, radius=49, center=(155,-36)
2025-11-13 16:55:58.303 [INFO] Cell calculation: bbox(1374,875,12,51) -> diameter=51, radius=25, center=(1399,900)
2025-11-13 16:55:58.303 [INFO] Cell calculation: bbox(1369,339,18,100) -> diameter=100, radius=50, center=(1419,389)
2025-11-13 16:55:58.303 [INFO] Cell calculation: bbox(120,0,82,16) -> diameter=82, radius=41, center=(161,-25)
2025-11-13 16:55:58.303 [INFO] ONNX detected 94 cells in D:/github/cell-analyzer/cells/ТИМ/ТИМ2.jpg
2025-11-13 16:55:58.335 [INFO] Scale detected: 100 nm over 57.0351 pixels = 0.00175331 μm/pixel
2025-11-13 16:55:58.335 [INFO] Scale detected: 0.00175331 μm/pixel
2025-11-13 16:55:58.376 [INFO] Loading ONNX model: D:/github/cell-analyzer/build-release/Release/ml-data/models/yolov8s_cells_v1.0.onnx
2025-11-13 16:55:58.478 [INFO] Using CPU backend
2025-11-13 16:55:58.781 [INFO] Output shape: [1, 38, 8400]
2025-11-13 16:55:58.781 [INFO] Image size: 1388x1040
2025-11-13 16:55:58.781 [INFO] Detected NON-transposed format: [1, 38, 8400]
2025-11-13 16:55:58.781 [INFO] Scale factors: scaleX=2.16875, scaleY=1.625
2025-11-13 16:55:58.781 [INFO] Detection 25: x=217.512, y=9.14283, w=37.3926, h=18.0051, score=0.743511
2025-11-13 16:55:58.781 [INFO] Detection 26: x=217.547, y=9.04906, w=37.9979, h=17.934, score=0.852551
2025-11-13 16:55:58.781 [INFO] Detection 27: x=217.574, y=9.23842, w=37.8759, h=18.231, score=0.902476
2025-11-13 16:55:58.781 [INFO] Detection 28: x=217.594, y=9.38101, w=37.9312, h=18.5978, score=0.857801
2025-11-13 16:55:58.781 [INFO] Detection 29: x=218.667, y=9.28098, w=36.9003, h=18.3932, score=0.032254
2025-11-13 16:55:58.781 [INFO] Before NMS: 504 detections
2025-11-13 16:55:58.781 [INFO] After NMS: 55 detections
2025-11-13 16:55:58.781 [INFO] Cell calculation: bbox(541,845,107,105) -> diameter=107, radius=53, center=(594,898)
2025-11-13 16:55:58.781 [INFO] Cell calculation: bbox(711,603,82,82) -> diameter=82, radius=41, center=(752,644)
2025-11-13 16:55:58.781 [INFO] Cell calculation: bbox(943,309,72,72) -> diameter=72, radius=36, center=(979,345)
2025-11-13 16:55:58.781 [INFO] Cell calculation: bbox(807,924,91,90) -> diameter=91, radius=45, center=(852,969)
2025-11-13 16:55:58.781 [INFO] Cell calculation: bbox(0,865,69,110) -> diameter=110, radius=55, center=(14,920)
2025-11-13 16:55:58.781 [INFO] Cell calculation: bbox(756,966,62,60) -> diameter=62, radius=31, center=(787,997)
2025-11-13 16:55:58.781 [INFO] Cell calculation: bbox(430,0,82,29) -> diameter=82, radius=41, center=(471,-12)
2025-11-13 16:55:58.781 [INFO] Cell calculation: bbox(493,939,118,100) -> diameter=118, radius=59, center=(552,998)
2025-11-13 16:55:58.781 [INFO] Cell calculation: bbox(198,25,93,90) -> diameter=93, radius=46, center=(244,69)
2025-11-13 16:55:58.781 [INFO] Cell calculation: bbox(404,994,78,44) -> diameter=78, radius=39, center=(443,1033)
2025-11-13 16:55:58.781 [INFO] Cell calculation: bbox(1181,922,95,93) -> diameter=95, radius=47, center=(1228,969)
2025-11-13 16:55:58.781 [INFO] Cell calculation: bbox(32,738,96,93) -> diameter=96, radius=48, center=(80,786)
2025-11-13 16:55:58.781 [INFO] Cell calculation: bbox(1027,0,71,33) -> diameter=71, radius=35, center=(1062,-2)
2025-11-13 16:55:58.781 [INFO] Cell calculation: bbox(3,252,86,88) -> diameter=88, radius=44, center=(45,296)
2025-11-13 16:55:58.781 [INFO] Cell calculation: bbox(972,1003,79,36) -> diameter=79, radius=39, center=(1011,1042)
2025-11-13 16:55:58.781 [INFO] Cell calculation: bbox(365,0,94,86) -> diameter=94, radius=47, center=(412,39)
2025-11-13 16:55:58.781 [INFO] Cell calculation: bbox(306,1,67,67) -> diameter=67, radius=33, center=(339,34)
2025-11-13 16:55:58.781 [INFO] Cell calculation: bbox(943,6,88,85) -> diameter=88, radius=44, center=(987,47)
2025-11-13 16:55:58.781 [INFO] Cell calculation: bbox(450,12,104,98) -> diameter=104, radius=52, center=(502,58)
2025-11-13 16:55:58.781 [INFO] Cell calculation: bbox(1060,1001,92,37) -> diameter=92, radius=46, center=(1106,1047)
2025-11-13 16:55:58.781 [INFO] Cell calculation: bbox(0,100,32,98) -> diameter=98, radius=49, center=(-17,149)
2025-11-13 16:55:58.781 [INFO] Cell calculation: bbox(524,0,100,17) -> diameter=100, radius=50, center=(574,-33)
2025-11-13 16:55:58.781 [INFO] Cell calculation: bbox(613,1013,94,26) -> diameter=94, radius=47, center=(660,1060)
2025-11-13 16:55:58.781 [INFO] Cell calculation: bbox(1241,0,82,15) -> diameter=82, radius=41, center=(1282,-26)
2025-11-13 16:55:58.781 [INFO] Cell calculation: bbox(0,317,42,78) -> diameter=78, radius=39, center=(3,356)
2025-11-13 16:55:58.781 [INFO] Cell calculation: bbox(1360,705,26,120) -> diameter=120, radius=60, center=(1420,765)
2025-11-13 16:55:58.781 [INFO] Cell calculation: bbox(1372,847,14,105) -> diameter=105, radius=52, center=(1424,899)
2025-11-13 16:55:58.781 [INFO] ONNX detected 43 cells in D:/github/cell-analyzer/cells/ТИМ/ТИМ3.jpg
2025-11-13 16:55:58.837 [INFO] Loading ONNX model: D:/github/cell-analyzer/build-release/Release/ml-data/models/yolov8s_cells_v1.0.onnx
2025-11-13 16:55:58.945 [INFO] Using CPU backend
2025-11-13 16:55:59.298 [INFO] Output shape: [1, 38, 8400]
2025-11-13 16:55:59.298 [INFO] Image size: 1388x1040
2025-11-13 16:55:59.298 [INFO] Detected NON-transposed format: [1, 38, 8400]
2025-11-13 16:55:59.298 [INFO] Scale factors: scaleX=2.16875, scaleY=1.625
2025-11-13 16:55:59.298 [INFO] Detection 0: x=8.48773, y=4.75019, w=16.7196, h=10.2107, score=0.0119261
2025-11-13 16:55:59.298 [INFO] Detection 1: x=26.2546, y=5.4368, w=40.2766, h=10.7324, score=0.187224
2025-11-13 16:55:59.298 [INFO] Detection 2: x=26.1716, y=5.49114, w=37.1565, h=10.8873, score=0.665823
2025-11-13 16:55:59.298 [INFO] Detection 3: x=25.9429, y=5.61697, w=36.2555, h=11.152, score=0.774365
2025-11-13 16:55:59.298 [INFO] Detection 4: x=26.2435, y=5.88177, w=35.2797, h=11.572, score=0.747013
2025-11-13 16:55:59.298 [INFO] Before NMS: 331 detections
2025-11-13 16:55:59.298 [INFO] After NMS: 39 detections
2025-11-13 16:55:59.298 [INFO] Cell calculation: bbox(630,735,74,73) -> diameter=74, radius=37, center=(667,772)
2025-11-13 16:55:59.298 [INFO] Cell calculation: bbox(623,126,118,115) -> diameter=118, radius=59, center=(682,185)
2025-11-13 16:55:59.298 [INFO] Cell calculation: bbox(278,365,104,103) -> diameter=104, radius=52, center=(330,417)
2025-11-13 16:55:59.298 [INFO] Cell calculation: bbox(0,651,95,95) -> diameter=95, radius=47, center=(47,698)
2025-11-13 16:55:59.298 [INFO] Cell calculation: bbox(632,40,88,88) -> diameter=88, radius=44, center=(676,84)
2025-11-13 16:55:59.298 [INFO] Cell calculation: bbox(852,0,114,72) -> diameter=114, radius=57, center=(909,15)
2025-11-13 16:55:59.298 [INFO] Cell calculation: bbox(913,967,98,71) -> diameter=98, radius=49, center=(962,1016)
2025-11-13 16:55:59.298 [INFO] Cell calculation: bbox(37,331,83,82) -> diameter=83, radius=41, center=(78,372)
2025-11-13 16:55:59.298 [INFO] Cell calculation: bbox(110,920,92,91) -> diameter=92, radius=46, center=(156,966)
2025-11-13 16:55:59.298 [INFO] Cell calculation: bbox(772,952,69,69) -> diameter=69, radius=34, center=(806,986)
2025-11-13 16:55:59.298 [INFO] Cell calculation: bbox(1295,45,92,127) -> diameter=127, radius=63, center=(1358,108)
2025-11-13 16:55:59.298 [INFO] Cell calculation: bbox(769,0,77,34) -> diameter=77, radius=38, center=(807,-4)
2025-11-13 16:55:59.298 [INFO] Cell calculation: bbox(1329,347,57,79) -> diameter=79, radius=39, center=(1368,386)
2025-11-13 16:55:59.298 [INFO] Cell calculation: bbox(0,0,57,74) -> diameter=74, radius=37, center=(20,37)
2025-11-13 16:55:59.298 [INFO] Cell calculation: bbox(16,0,78,18) -> diameter=78, radius=39, center=(55,-21)
2025-11-13 16:55:59.298 [INFO] Cell calculation: bbox(1158,1025,96,14) -> diameter=96, radius=48, center=(1206,1073)
2025-11-13 16:55:59.298 [INFO] Cell calculation: bbox(153,0,65,20) -> diameter=65, radius=32, center=(185,-12)
2025-11-13 16:55:59.298 [INFO] Cell calculation: bbox(1355,413,32,76) -> diameter=76, radius=38, center=(1393,451)
2025-11-13 16:55:59.298 [INFO] Cell calculation: bbox(1376,0,10,71) -> diameter=71, radius=35, center=(1411,35)
2025-11-13 16:55:59.298 [INFO] Cell calculation: bbox(1373,0,14,77) -> diameter=77, radius=38, center=(1411,38)
2025-11-13 16:55:59.298 [INFO] Cell calculation: bbox(103,0,62,35) -> diameter=62, radius=31, center=(134,4)
2025-11-13 16:55:59.298 [INFO] Cell calculation: bbox(111,0,97,27) -> diameter=97, radius=48, center=(159,-21)
2025-11-13 16:55:59.298 [INFO] ONNX detected 30 cells in D:/github/cell-analyzer/cells/ТИМ/ТИМ4.jpg
2025-11-13 16:55:59.357 [INFO] Loading ONNX model: D:/github/cell-analyzer/build-release/Release/ml-data/models/yolov8s_cells_v1.0.onnx
2025-11-13 16:55:59.469 [INFO] Using CPU backend
2025-11-13 16:55:59.790 [INFO] Output shape: [1, 38, 8400]
2025-11-13 16:55:59.790 [INFO] Image size: 1388x1040
2025-11-13 16:55:59.790 [INFO] Detected NON-transposed format: [1, 38, 8400]
2025-11-13 16:55:59.790 [INFO] Scale factors: scaleX=2.16875, scaleY=1.625
2025-11-13 16:55:59.790 [INFO] Detection 43: x=354.344, y=15.6787, w=41.6573, h=31.1919, score=0.901814
2025-11-13 16:55:59.790 [INFO] Detection 44: x=354.547, y=15.6966, w=41.9191, h=31.2004, score=0.894044
2025-11-13 16:55:59.790 [INFO] Detection 45: x=354.463, y=15.6823, w=41.7005, h=31.1654, score=0.834917
2025-11-13 16:55:59.790 [INFO] Detection 48: x=397.601, y=18.1689, w=54.4259, h=36.0889, score=0.133433
2025-11-13 16:55:59.790 [INFO] Detection 49: x=397.956, y=18.2989, w=53.8795, h=36.3553, score=0.902578
2025-11-13 16:55:59.790 [INFO] Before NMS: 481 detections
2025-11-13 16:55:59.790 [INFO] After NMS: 54 detections
2025-11-13 16:55:59.790 [INFO] Cell calculation: bbox(329,362,75,75) -> diameter=75, radius=37, center=(366,399)
2025-11-13 16:55:59.790 [INFO] Cell calculation: bbox(49,355,79,78) -> diameter=79, radius=39, center=(88,394)
2025-11-13 16:55:59.790 [INFO] Cell calculation: bbox(239,796,107,108) -> diameter=108, radius=54, center=(293,850)
2025-11-13 16:55:59.790 [INFO] Cell calculation: bbox(723,0,90,50) -> diameter=90, radius=45, center=(768,5)
2025-11-13 16:55:59.790 [INFO] Cell calculation: bbox(804,0,116,59) -> diameter=116, radius=58, center=(862,1)
2025-11-13 16:55:59.790 [INFO] Cell calculation: bbox(1048,911,95,95) -> diameter=95, radius=47, center=(1095,958)
2025-11-13 16:55:59.790 [INFO] Cell calculation: bbox(315,14,84,84) -> diameter=84, radius=42, center=(357,56)
2025-11-13 16:55:59.790 [INFO] Cell calculation: bbox(875,32,78,77) -> diameter=78, radius=39, center=(914,70)
2025-11-13 16:55:59.790 [INFO] Cell calculation: bbox(1301,374,85,118) -> diameter=118, radius=59, center=(1360,433)
2025-11-13 16:55:59.790 [INFO] Cell calculation: bbox(1325,624,61,103) -> diameter=103, radius=51, center=(1376,675)
2025-11-13 16:55:59.790 [INFO] Cell calculation: bbox(1,537,87,86) -> diameter=87, radius=43, center=(44,580)
2025-11-13 16:55:59.790 [INFO] Cell calculation: bbox(1280,85,78,78) -> diameter=78, radius=39, center=(1319,124)
2025-11-13 16:55:59.790 [INFO] Cell calculation: bbox(743,34,102,94) -> diameter=102, radius=51, center=(794,77)
2025-11-13 16:55:59.790 [INFO] Cell calculation: bbox(154,1,98,95) -> diameter=98, radius=49, center=(203,47)
2025-11-13 16:55:59.790 [INFO] Cell calculation: bbox(1257,579,93,89) -> diameter=93, radius=46, center=(1303,625)
2025-11-13 16:55:59.790 [INFO] Cell calculation: bbox(543,5,89,88) -> diameter=89, radius=44, center=(587,49)
2025-11-13 16:55:59.790 [INFO] Cell calculation: bbox(1270,5,84,83) -> diameter=84, radius=42, center=(1312,46)
2025-11-13 16:55:59.790 [INFO] Cell calculation: bbox(1328,542,58,80) -> diameter=80, radius=40, center=(1368,582)
2025-11-13 16:55:59.790 [INFO] Cell calculation: bbox(0,732,42,102) -> diameter=102, radius=51, center=(-9,783)
2025-11-13 16:55:59.790 [INFO] ONNX detected 50 cells in D:/github/cell-analyzer/cells/ТИМ/ТИМ5.jpg
2025-11-13 16:55:59.820 [INFO] Scale detected: 100 nm over 188.043 pixels = 0.000531795 μm/pixel
2025-11-13 16:55:59.820 [INFO] Scale detected: 0.000531795 μm/pixel
2025-11-13 16:55:59.841 [INFO] Loading ONNX model: D:/github/cell-analyzer/build-release/Release/ml-data/models/yolov8s_cells_v1.0.onnx
2025-11-13 16:55:59.954 [INFO] Using CPU backend
2025-11-13 16:56:00.257 [INFO] Output shape: [1, 38, 8400]
2025-11-13 16:56:00.257 [INFO] Image size: 1388x1040
2025-11-13 16:56:00.257 [INFO] Detected NON-transposed format: [1, 38, 8400]
2025-11-13 16:56:00.257 [INFO] Scale factors: scaleX=2.16875, scaleY=1.625
2025-11-13 16:56:00.257 [INFO] Detection 36: x=297.396, y=14.7309, w=40.2995, h=29.2539, score=0.892029
2025-11-13 16:56:00.257 [INFO] Detection 37: x=297.411, y=14.6584, w=40.06, h=29.0964, score=0.899786
2025-11-13 16:56:00.257 [INFO] Detection 38: x=297.409, y=14.7687, w=39.9774, h=29.3427, score=0.868375
2025-11-13 16:56:00.257 [INFO] Detection 45: x=374.581, y=5.08159, w=35.6484, h=10.0341, score=0.625044
2025-11-13 16:56:00.257 [INFO] Detection 46: x=374.849, y=5.03204, w=36.7326, h=9.9578, score=0.747368
2025-11-13 16:56:00.257 [INFO] Before NMS: 320 detections
2025-11-13 16:56:00.257 [INFO] After NMS: 35 detections
2025-11-13 16:56:00.257 [INFO] Cell calculation: bbox(162,594,102,101) -> diameter=102, radius=51, center=(213,645)
2025-11-13 16:56:00.257 [INFO] Cell calculation: bbox(412,691,89,87) -> diameter=89, radius=44, center=(456,735)
2025-11-13 16:56:00.257 [INFO] Cell calculation: bbox(1092,563,80,78) -> diameter=80, radius=40, center=(1132,603)
2025-11-13 16:56:00.257 [INFO] Cell calculation: bbox(1251,480,103,100) -> diameter=103, radius=51, center=(1302,531)
2025-11-13 16:56:00.257 [INFO] Cell calculation: bbox(601,0,86,47) -> diameter=86, radius=43, center=(644,4)
2025-11-13 16:56:00.257 [INFO] Cell calculation: bbox(0,373,75,81) -> diameter=81, radius=40, center=(35,413)
2025-11-13 16:56:00.257 [INFO] Cell calculation: bbox(27,875,85,84) -> diameter=85, radius=42, center=(69,917)
2025-11-13 16:56:00.257 [INFO] Cell calculation: bbox(13,206,80,79) -> diameter=80, radius=40, center=(53,246)
2025-11-13 16:56:00.257 [INFO] Cell calculation: bbox(1263,32,86,81) -> diameter=86, radius=43, center=(1306,70)
2025-11-13 16:56:00.257 [INFO] Cell calculation: bbox(1248,0,73,47) -> diameter=73, radius=36, center=(1284,11)
2025-11-13 16:56:00.257 [INFO] Cell calculation: bbox(1316,0,70,64) -> diameter=70, radius=35, center=(1351,29)
2025-11-13 16:56:00.257 [INFO] Cell calculation: bbox(771,0,81,16) -> diameter=81, radius=40, center=(811,-24)
2025-11-13 16:56:00.257 [INFO] Cell calculation: bbox(1280,1023,85,16) -> diameter=85, radius=42, center=(1322,1065)
2025-11-13 16:56:00.257 [INFO] Cell calculation: bbox(1368,487,18,100) -> diameter=100, radius=50, center=(1418,537)
2025-11-13 16:56:00.257 [INFO] Cell calculation: bbox(1095,0,72,12) -> diameter=72, radius=36, center=(1131,-24)
2025-11-13 16:56:00.257 [INFO] Cell calculation: bbox(1347,45,39,75) -> diameter=75, radius=37, center=(1384,82)
2025-11-13 16:56:00.257 [INFO] ONNX detected 29 cells in D:/github/cell-analyzer/cells/ТИМ/ТИМ6.jpg
2025-11-13 16:56:00.288 [INFO] Scale detected: 100 nm over 257.031 pixels = 0.000389058 μm/pixel
2025-11-13 16:56:00.288 [INFO] Scale detected: 0.000389058 μm/pixel
2025-11-13 16:56:00.308 [INFO] Loading ONNX model: D:/github/cell-analyzer/build-release/Release/ml-data/models/yolov8s_cells_v1.0.onnx
2025-11-13 16:56:00.411 [INFO] Using CPU backend
2025-11-13 16:56:00.705 [INFO] Output shape: [1, 38, 8400]
2025-11-13 16:56:00.705 [INFO] Image size: 1388x1040
2025-11-13 16:56:00.705 [INFO] Detected NON-transposed format: [1, 38, 8400]
2025-11-13 16:56:00.705 [INFO] Scale factors: scaleX=2.16875, scaleY=1.625
2025-11-13 16:56:00.705 [INFO] Detection 31: x=260.504, y=6.91733, w=32.3483, h=13.7143, score=0.755504
2025-11-13 16:56:00.705 [INFO] Detection 32: x=260.288, y=7.00101, w=32.4426, h=13.822, score=0.865899
2025-11-13 16:56:00.705 [INFO] Detection 33: x=260.169, y=7.0308, w=32.5733, h=13.8432, score=0.830258
2025-11-13 16:56:00.705 [INFO] Detection 34: x=260.578, y=6.88154, w=32.9744, h=13.53, score=0.454644
2025-11-13 16:56:00.705 [INFO] Detection 51: x=421.517, y=11.9752, w=47.5782, h=23.6474, score=0.871471
2025-11-13 16:56:00.705 [INFO] Before NMS: 488 detections
2025-11-13 16:56:00.705 [INFO] After NMS: 53 detections
2025-11-13 16:56:00.705 [INFO] Cell calculation: bbox(1054,729,90,88) -> diameter=90, radius=45, center=(1099,774)
2025-11-13 16:56:00.705 [INFO] Cell calculation: bbox(904,574,72,70) -> diameter=72, radius=36, center=(940,610)
2025-11-13 16:56:00.705 [INFO] Cell calculation: bbox(248,596,71,70) -> diameter=71, radius=35, center=(283,631)
2025-11-13 16:56:00.705 [INFO] Cell calculation: bbox(862,0,103,39) -> diameter=103, radius=51, center=(913,-12)
2025-11-13 16:56:00.705 [INFO] Cell calculation: bbox(823,27,96,93) -> diameter=96, radius=48, center=(871,72)
2025-11-13 16:56:00.705 [INFO] Cell calculation: bbox(555,11,89,86) -> diameter=89, radius=44, center=(599,53)
2025-11-13 16:56:00.705 [INFO] Cell calculation: bbox(6,617,89,85) -> diameter=89, radius=44, center=(50,661)
2025-11-13 16:56:00.705 [INFO] Cell calculation: bbox(638,6,68,66) -> diameter=68, radius=34, center=(672,38)
2025-11-13 16:56:00.705 [INFO] Cell calculation: bbox(21,524,98,94) -> diameter=98, radius=49, center=(70,573)
2025-11-13 16:56:00.705 [INFO] Cell calculation: bbox(578,973,81,66) -> diameter=81, radius=40, center=(618,1013)
2025-11-13 16:56:00.705 [INFO] Cell calculation: bbox(1265,0,80,33) -> diameter=80, radius=40, center=(1305,-7)
2025-11-13 16:56:00.705 [INFO] Cell calculation: bbox(712,0,102,82) -> diameter=102, radius=51, center=(763,31)
2025-11-13 16:56:00.705 [INFO] Cell calculation: bbox(1128,32,71,68) -> diameter=71, radius=35, center=(1163,65)
2025-11-13 16:56:00.705 [INFO] Cell calculation: bbox(1252,32,87,87) -> diameter=87, radius=43, center=(1295,75)
2025-11-13 16:56:00.705 [INFO] Cell calculation: bbox(1070,0,79,61) -> diameter=79, radius=39, center=(1109,22)
2025-11-13 16:56:00.705 [INFO] Cell calculation: bbox(529,0,70,22) -> diameter=70, radius=35, center=(564,-13)
2025-11-13 16:56:00.705 [INFO] Cell calculation: bbox(917,28,106,104) -> diameter=106, radius=53, center=(970,79)
2025-11-13 16:56:00.705 [INFO] Cell calculation: bbox(0,1000,90,38) -> diameter=90, radius=45, center=(45,1045)
2025-11-13 16:56:00.705 [INFO] ONNX detected 48 cells in D:/github/cell-analyzer/cells/ТИМ/ТИМ7.jpg
2025-11-13 16:56:00.752 [INFO] Loading ONNX model: D:/github/cell-analyzer/build-release/Release/ml-data/models/yolov8s_cells_v1.0.onnx
2025-11-13 16:56:00.865 [INFO] Using CPU backend
2025-11-13 16:56:01.193 [INFO] Output shape: [1, 38, 8400]
2025-11-13 16:56:01.193 [INFO] Image size: 1388x1040
2025-11-13 16:56:01.193 [INFO] Detected NON-transposed format: [1, 38, 8400]
2025-11-13 16:56:01.193 [INFO] Scale factors: scaleX=2.16875, scaleY=1.625
2025-11-13 16:56:01.193 [INFO] Detection 61: x=490.816, y=17.8964, w=41.8837, h=35.5565, score=0.206317
2025-11-13 16:56:01.193 [INFO] Detection 62: x=490.806, y=18.5888, w=41.7042, h=37.0736, score=0.110655
2025-11-13 16:56:01.194 [INFO] Detection 140: x=490.821, y=18.8908, w=42.5232, h=37.7315, score=0.400662
2025-11-13 16:56:01.194 [INFO] Detection 141: x=490.784, y=18.9337, w=42.1473, h=37.8324, score=0.654215
2025-11-13 16:56:01.194 [INFO] Detection 142: x=490.977, y=19.0593, w=41.6992, h=38.1247, score=0.782326
2025-11-13 16:56:01.194 [INFO] Before NMS: 924 detections
2025-11-13 16:56:01.194 [INFO] After NMS: 101 detections
2025-11-13 16:56:01.194 [INFO] Cell calculation: bbox(826,823,86,84) -> diameter=86, radius=43, center=(869,866)
2025-11-13 16:56:01.194 [INFO] Cell calculation: bbox(674,576,83,79) -> diameter=83, radius=41, center=(715,617)
2025-11-13 16:56:01.194 [INFO] Cell calculation: bbox(617,416,83,79) -> diameter=83, radius=41, center=(658,457)
2025-11-13 16:56:01.194 [INFO] Cell calculation: bbox(834,25,83,87) -> diameter=87, radius=43, center=(877,68)
2025-11-13 16:56:01.195 [INFO] Cell calculation: bbox(1129,911,95,89) -> diameter=95, radius=47, center=(1176,958)
2025-11-13 16:56:01.195 [INFO] Cell calculation: bbox(982,33,98,101) -> diameter=101, radius=50, center=(1032,83)
2025-11-13 16:56:01.195 [INFO] Cell calculation: bbox(1151,994,85,44) -> diameter=85, radius=42, center=(1193,1036)
2025-11-13 16:56:01.195 [INFO] Cell calculation: bbox(688,34,91,88) -> diameter=91, radius=45, center=(733,77)
2025-11-13 16:56:01.195 [INFO] Cell calculation: bbox(1231,996,89,43) -> diameter=89, radius=44, center=(1275,1040)
2025-11-13 16:56:01.195 [INFO] Cell calculation: bbox(1263,934,83,74) -> diameter=83, radius=41, center=(1304,975)
2025-11-13 16:56:01.195 [INFO] Cell calculation: bbox(1308,976,79,62) -> diameter=79, radius=39, center=(1347,1015)
2025-11-13 16:56:01.195 [INFO] Cell calculation: bbox(904,23,92,99) -> diameter=99, radius=49, center=(953,72)
2025-11-13 16:56:01.195 [INFO] Cell calculation: bbox(1089,977,69,61) -> diameter=69, radius=34, center=(1123,1011)
2025-11-13 16:56:01.195 [INFO] Cell calculation: bbox(1019,0,90,61) -> diameter=90, radius=45, center=(1064,16)
2025-11-13 16:56:01.195 [INFO] Cell calculation: bbox(575,968,62,43) -> diameter=62, radius=31, center=(606,999)
2025-11-13 16:56:01.195 [INFO] Cell calculation: bbox(0,477,39,27) -> diameter=39, radius=19, center=(19,496)
2025-11-13 16:56:01.195 [INFO] ONNX detected 99 cells in D:/github/cell-analyzer/cells/ТИМ/ТИМ8.jpg
2025-11-13 16:56:01.231 [INFO] Scale detected: 100 nm over 68.1175 pixels = 0.00146805 μm/pixel
2025-11-13 16:56:01.231 [INFO] Scale detected: 0.00146805 μm/pixel
2025-11-13 16:56:01.264 [INFO] Processing complete. Detected 428 cells total
2025-11-13 16:56:01.264 [INFO] Images processed successfully
2025-11-13 16:56:01.264 [INFO] Detected 428 cells
2025-11-13 16:56:01.264 [INFO] Creating copy of detected cells
2025-11-13 16:56:01.264 [INFO] Copied 428 cells
2025-11-13 16:56:01.264 [INFO] ImageProcessor destroyed
2025-11-13 16:56:01.264 [INFO] ImageProcessor deleted
2025-11-13 16:56:01.264 [INFO] Creating VerificationWidget
2025-11-13 16:56:01.264 [INFO] VerificationWidget constructor called (New Design)
2025-11-13 16:56:01.264 [INFO] Received 428 cells
2025-11-13 16:56:01.281 [INFO] Cells grouped into 8 files
2025-11-13 16:56:01.281 [INFO] groupCellsByFile completed
2025-11-13 16:56:01.281 [INFO] setupUI: Creating main layout
2025-11-13 16:56:01.281 [INFO] setupUI: Creating file tabs
2025-11-13 16:56:01.281 [INFO] setupUI: Added tab for ТИМ1.jpg with 35 cells
2025-11-13 16:56:01.281 [INFO] setupUI: Added tab for ТИМ2.jpg with 94 cells
2025-11-13 16:56:01.281 [INFO] setupUI: Added tab for ТИМ3.jpg with 43 cells
2025-11-13 16:56:01.281 [INFO] setupUI: Added tab for ТИМ4.jpg with 30 cells
2025-11-13 16:56:01.281 [INFO] setupUI: Added tab for ТИМ5.jpg with 50 cells
2025-11-13 16:56:01.281 [INFO] setupUI: Added tab for ТИМ6.jpg with 29 cells
2025-11-13 16:56:01.281 [INFO] setupUI: Added tab for ТИМ7.jpg with 48 cells
2025-11-13 16:56:01.281 [INFO] setupUI: Added tab for ТИМ8.jpg with 99 cells
2025-11-13 16:56:01.291 [INFO] setupUI: File tabs created
2025-11-13 16:56:01.291 [INFO] setupUI: Creating main splitter
2025-11-13 16:56:01.291 [INFO] setupUI: Creating cell list panel
2025-11-13 16:56:01.291 [INFO] setupUI: Creating right panel
2025-11-13 16:56:01.291 [INFO] setupUI: Creating preview widget
2025-11-13 16:56:03.073 [INFO] File tab changed to: D:/github/cell-analyzer/cells/ТИМ/ТИМ1.jpg
2025-11-13 16:56:03.116 [INFO] Updated cell list: 35 cells
2025-11-13 16:56:03.125 [INFO] Preview image: showing 35 cells
2025-11-13 16:56:03.125 [INFO] Auto-scrolled to cell at local index 0
2025-11-13 16:56:03.138 [INFO] ========================================
2025-11-13 16:56:03.138 [INFO] CELL #1 CLICKED (Global index: 0, Local index: 0)
2025-11-13 16:56:03.138 [INFO] ========================================
2025-11-13 16:56:03.138 [INFO] YOLO BBOX (from model):
2025-11-13 16:56:03.138 [INFO]   bbox_x = 910, bbox_y = 412
2025-11-13 16:56:03.138 [INFO]   bbox_width = 98, bbox_height = 95
2025-11-13 16:56:03.138 [INFO]   bbox corners: (910, 412) to (1008, 507)
2025-11-13 16:56:03.138 [INFO] 
2025-11-13 16:56:03.138 [INFO] CIRCLE (calculated from bbox):
2025-11-13 16:56:03.138 [INFO]   center_x = 959, center_y = 461
2025-11-13 16:56:03.138 [INFO]   radius = 49 px
2025-11-13 16:56:03.138 [INFO]   diameter = 98 px
2025-11-13 16:56:03.138 [INFO] 
2025-11-13 16:56:03.138 [INFO] OTHER INFO:
2025-11-13 16:56:03.138 [INFO]   area = 9310 px²
2025-11-13 16:56:03.138 [INFO]   confidence = 0.950647
2025-11-13 16:56:03.138 [INFO]   diameter_um = 0.00 μm
2025-11-13 16:56:03.138 [INFO] ========================================
2025-11-13 16:56:03.138 [INFO] VerificationWidget UI setup completed
2025-11-13 16:56:03.138 [INFO] setupUI completed
2025-11-13 16:56:03.138 [INFO] loadSavedCoefficient: savedCoeff=0.9745
2025-11-13 16:56:03.138 [INFO] Loaded saved coefficient: 0.97450 μm/px
2025-11-13 16:56:03.138 [INFO] loadSavedCoefficient completed
2025-11-13 16:56:03.138 [INFO] Auto-scrolled to cell at local index 0
2025-11-13 16:56:03.138 [INFO] ========================================
2025-11-13 16:56:03.138 [INFO] CELL #1 CLICKED (Global index: 0, Local index: 0)
2025-11-13 16:56:03.138 [INFO] ========================================
2025-11-13 16:56:03.138 [INFO] YOLO BBOX (from model):
2025-11-13 16:56:03.138 [INFO]   bbox_x = 910, bbox_y = 412
2025-11-13 16:56:03.138 [INFO]   bbox_width = 98, bbox_height = 95
2025-11-13 16:56:03.138 [INFO]   bbox corners: (910, 412) to (1008, 507)
2025-11-13 16:56:03.138 [INFO] 
2025-11-13 16:56:03.138 [INFO] CIRCLE (calculated from bbox):
2025-11-13 16:56:03.138 [INFO]   center_x = 959, center_y = 461
2025-11-13 16:56:03.138 [INFO]   radius = 49 px
2025-11-13 16:56:03.138 [INFO]   diameter = 98 px
2025-11-13 16:56:03.138 [INFO] 
2025-11-13 16:56:03.138 [INFO] OTHER INFO:
2025-11-13 16:56:03.138 [INFO]   area = 9310 px²
2025-11-13 16:56:03.138 [INFO]   confidence = 0.950647
2025-11-13 16:56:03.138 [INFO]   diameter_um = 0.00 μm
2025-11-13 16:56:03.138 [INFO] ========================================
2025-11-13 16:56:03.138 [INFO] First cell selected
2025-11-13 16:56:03.138 [INFO] VerificationWidget created successfully
2025-11-13 16:56:03.138 [INFO] Connecting signals
2025-11-13 16:56:03.138 [INFO] Setting VerificationWidget as central widget
2025-11-13 16:56:03.138 [INFO] Analysis started successfully
2025-11-13 16:56:03.552 [INFO] All thumbnails loaded (35 total)
2025-11-13 16:56:09.083 [INFO] Right-click: localIndex=18, globalIndex=18, cell at (183, 305)
2025-11-13 16:56:09.093 [INFO] Cells grouped into 8 files
2025-11-13 16:56:09.128 [INFO] Updated cell list: 34 cells
2025-11-13 16:56:09.147 [INFO] Preview image: showing 34 cells
2025-11-13 16:56:09.165 [INFO] Selected next cell at widget index 18 (global 18) after right-click removal
2025-11-13 16:56:09.165 [INFO] Cell removed by right-click: was at local index 18, global index 18, scroll preserved at 0
2025-11-13 16:56:09.359 [INFO] Right-click: localIndex=6, globalIndex=6, cell at (277, 266)
2025-11-13 16:56:09.369 [INFO] Cells grouped into 8 files
2025-11-13 16:56:09.410 [INFO] Updated cell list: 33 cells
2025-11-13 16:56:09.421 [INFO] Preview image: showing 33 cells
2025-11-13 16:56:09.442 [INFO] Selected next cell at widget index 6 (global 6) after right-click removal
2025-11-13 16:56:09.442 [INFO] Cell removed by right-click: was at local index 6, global index 6, scroll preserved at 0
2025-11-13 16:56:09.648 [INFO] Right-click: localIndex=4, globalIndex=4, cell at (206, 230)
2025-11-13 16:56:09.659 [INFO] Cells grouped into 8 files
2025-11-13 16:56:09.700 [INFO] Updated cell list: 32 cells
2025-11-13 16:56:09.720 [INFO] Preview image: showing 32 cells
2025-11-13 16:56:09.730 [INFO] Selected next cell at widget index 4 (global 4) after right-click removal
2025-11-13 16:56:09.730 [INFO] Cell removed by right-click: was at local index 4, global index 4, scroll preserved at 0
2025-11-13 16:56:09.949 [INFO] Right-click: localIndex=7, globalIndex=7, cell at (272, 183)
2025-11-13 16:56:09.958 [INFO] Cells grouped into 8 files
2025-11-13 16:56:09.989 [INFO] Updated cell list: 31 cells
2025-11-13 16:56:10.010 [INFO] Preview image: showing 31 cells
2025-11-13 16:56:10.022 [INFO] Selected next cell at widget index 7 (global 7) after right-click removal
2025-11-13 16:56:10.022 [INFO] Cell removed by right-click: was at local index 7, global index 7, scroll preserved at 0
2025-11-13 16:56:10.382 [INFO] All thumbnails loaded (31 total)
2025-11-13 16:56:10.476 [INFO] Right-click: localIndex=11, globalIndex=11, cell at (254, 344)
2025-11-13 16:56:10.486 [INFO] Cells grouped into 8 files
2025-11-13 16:56:10.517 [INFO] Updated cell list: 30 cells
2025-11-13 16:56:10.538 [INFO] Preview image: showing 30 cells
2025-11-13 16:56:10.550 [INFO] Selected next cell at widget index 11 (global 11) after right-click removal
2025-11-13 16:56:10.550 [INFO] Cell removed by right-click: was at local index 11, global index 11, scroll preserved at 0
2025-11-13 16:56:10.889 [INFO] All thumbnails loaded (30 total)
2025-11-13 16:56:11.024 [INFO] Right-click: localIndex=11, globalIndex=11, cell at (452, 236)
2025-11-13 16:56:11.034 [INFO] Cells grouped into 8 files
2025-11-13 16:56:11.065 [INFO] Updated cell list: 29 cells
2025-11-13 16:56:11.075 [INFO] Preview image: showing 29 cells
2025-11-13 16:56:11.095 [INFO] Selected next cell at widget index 11 (global 11) after right-click removal
2025-11-13 16:56:11.095 [INFO] Cell removed by right-click: was at local index 11, global index 11, scroll preserved at 0
2025-11-13 16:56:11.314 [INFO] Right-click: localIndex=9, globalIndex=9, cell at (523, 195)
2025-11-13 16:56:11.321 [INFO] Cells grouped into 8 files
2025-11-13 16:56:11.351 [INFO] Updated cell list: 28 cells
2025-11-13 16:56:11.362 [INFO] Preview image: showing 28 cells
2025-11-13 16:56:11.383 [INFO] Selected next cell at widget index 9 (global 9) after right-click removal
2025-11-13 16:56:11.383 [INFO] Cell removed by right-click: was at local index 9, global index 9, scroll preserved at 0
2025-11-13 16:56:11.578 [INFO] Right-click: localIndex=21, globalIndex=21, cell at (500, 278)
2025-11-13 16:56:11.584 [INFO] Cells grouped into 8 files
2025-11-13 16:56:11.609 [INFO] Updated cell list: 27 cells
2025-11-13 16:56:11.629 [INFO] Preview image: showing 27 cells
2025-11-13 16:56:11.639 [INFO] Selected next cell at widget index 21 (global 21) after right-click removal
2025-11-13 16:56:11.639 [INFO] Cell removed by right-click: was at local index 21, global index 21, scroll preserved at 0
2025-11-13 16:56:11.936 [INFO] All thumbnails loaded (27 total)
2025-11-13 16:56:16.204 [INFO] Right-click: localIndex=26, globalIndex=26, cell at (832, 276)
2025-11-13 16:56:16.225 [INFO] Cells grouped into 8 files
2025-11-13 16:56:16.256 [INFO] Updated cell list: 26 cells
2025-11-13 16:56:16.276 [INFO] Preview image: showing 26 cells
2025-11-13 16:56:16.286 [INFO] Selected next cell at widget index 25 (global 25) after right-click removal
2025-11-13 16:56:16.286 [INFO] Cell removed by right-click: was at local index 26, global index 26, scroll preserved at 0
2025-11-13 16:56:16.629 [INFO] All thumbnails loaded (26 total)
2025-11-13 16:56:29.916 [INFO] Auto-scrolled to cell at local index 23
2025-11-13 16:56:29.925 [INFO] ========================================
2025-11-13 16:56:29.925 [INFO] CELL #24 CLICKED (Global index: 23, Local index: 23)
2025-11-13 16:56:29.925 [INFO] ========================================
2025-11-13 16:56:29.925 [INFO] YOLO BBOX (from model):
2025-11-13 16:56:29.925 [INFO]   bbox_x = 170, bbox_y = 650
2025-11-13 16:56:29.925 [INFO]   bbox_width = 60, bbox_height = 57
2025-11-13 16:56:29.925 [INFO]   bbox corners: (170, 650) to (230, 707)
2025-11-13 16:56:29.925 [INFO] 
2025-11-13 16:56:29.925 [INFO] CIRCLE (calculated from bbox):
2025-11-13 16:56:29.925 [INFO]   center_x = 200, center_y = 680
2025-11-13 16:56:29.925 [INFO]   radius = 30 px
2025-11-13 16:56:29.925 [INFO]   diameter = 60 px
2025-11-13 16:56:29.925 [INFO] 
2025-11-13 16:56:29.925 [INFO] OTHER INFO:
2025-11-13 16:56:29.925 [INFO]   area = 3420 px²
2025-11-13 16:56:29.925 [INFO]   confidence = 0.84835
2025-11-13 16:56:29.925 [INFO]   diameter_um = 0.00 μm
2025-11-13 16:56:29.925 [INFO] ========================================
2025-11-13 16:56:32.193 [INFO] Auto-scrolled to cell at local index 3
2025-11-13 16:56:32.201 [INFO] ========================================
2025-11-13 16:56:32.201 [INFO] CELL #4 CLICKED (Global index: 3, Local index: 3)
2025-11-13 16:56:32.201 [INFO] ========================================
2025-11-13 16:56:32.201 [INFO] YOLO BBOX (from model):
2025-11-13 16:56:32.201 [INFO]   bbox_x = 16, bbox_y = 800
2025-11-13 16:56:32.201 [INFO]   bbox_width = 80, bbox_height = 79
2025-11-13 16:56:32.201 [INFO]   bbox corners: (16, 800) to (96, 879)
2025-11-13 16:56:32.201 [INFO] 
2025-11-13 16:56:32.201 [INFO] CIRCLE (calculated from bbox):
2025-11-13 16:56:32.201 [INFO]   center_x = 56, center_y = 840
2025-11-13 16:56:32.201 [INFO]   radius = 40 px
2025-11-13 16:56:32.201 [INFO]   diameter = 80 px
2025-11-13 16:56:32.201 [INFO] 
2025-11-13 16:56:32.201 [INFO] OTHER INFO:
2025-11-13 16:56:32.201 [INFO]   area = 6320 px²
2025-11-13 16:56:32.201 [INFO]   confidence = 0.935407
2025-11-13 16:56:32.201 [INFO]   diameter_um = 0.00 μm
2025-11-13 16:56:32.201 [INFO] ========================================
2025-11-13 16:56:33.158 [INFO] Auto-scrolled to cell at local index 23
2025-11-13 16:56:33.167 [INFO] ========================================
2025-11-13 16:56:33.167 [INFO] CELL #24 CLICKED (Global index: 23, Local index: 23)
2025-11-13 16:56:33.167 [INFO] ========================================
2025-11-13 16:56:33.167 [INFO] YOLO BBOX (from model):
2025-11-13 16:56:33.167 [INFO]   bbox_x = 170, bbox_y = 650
2025-11-13 16:56:33.167 [INFO]   bbox_width = 60, bbox_height = 57
2025-11-13 16:56:33.167 [INFO]   bbox corners: (170, 650) to (230, 707)
2025-11-13 16:56:33.167 [INFO] 
2025-11-13 16:56:33.167 [INFO] CIRCLE (calculated from bbox):
2025-11-13 16:56:33.174 [INFO]   center_x = 200, center_y = 680
2025-11-13 16:56:33.174 [INFO]   radius = 30 px
2025-11-13 16:56:33.174 [INFO]   diameter = 60 px
2025-11-13 16:56:33.174 [INFO] 
2025-11-13 16:56:33.174 [INFO] OTHER INFO:
2025-11-13 16:56:33.174 [INFO]   area = 3420 px²
2025-11-13 16:56:33.174 [INFO]   confidence = 0.84835
2025-11-13 16:56:33.174 [INFO]   diameter_um = 0.00 μm
2025-11-13 16:56:33.174 [INFO] ========================================
2025-11-13 16:56:33.852 [INFO] Auto-scrolled to cell at local index 12
2025-11-13 16:56:33.852 [INFO] ========================================
2025-11-13 16:56:33.852 [INFO] CELL #13 CLICKED (Global index: 12, Local index: 12)
2025-11-13 16:56:33.852 [INFO] ========================================
2025-11-13 16:56:33.852 [INFO] YOLO BBOX (from model):
2025-11-13 16:56:33.852 [INFO]   bbox_x = 566, bbox_y = 399
2025-11-13 16:56:33.852 [INFO]   bbox_width = 96, bbox_height = 94
2025-11-13 16:56:33.852 [INFO]   bbox corners: (566, 399) to (662, 493)
2025-11-13 16:56:33.852 [INFO] 
2025-11-13 16:56:33.852 [INFO] CIRCLE (calculated from bbox):
2025-11-13 16:56:33.852 [INFO]   center_x = 614, center_y = 447
2025-11-13 16:56:33.852 [INFO]   radius = 48 px
2025-11-13 16:56:33.852 [INFO]   diameter = 96 px
2025-11-13 16:56:33.852 [INFO] 
2025-11-13 16:56:33.852 [INFO] OTHER INFO:
2025-11-13 16:56:33.852 [INFO]   area = 9024 px²
2025-11-13 16:56:33.852 [INFO]   confidence = 0.912206
2025-11-13 16:56:33.852 [INFO]   diameter_um = 0.00 μm
2025-11-13 16:56:33.852 [INFO] ========================================
2025-11-13 16:56:34.160 [INFO] Auto-scrolled to cell at local index 1
2025-11-13 16:56:34.171 [INFO] ========================================
2025-11-13 16:56:34.171 [INFO] CELL #2 CLICKED (Global index: 1, Local index: 1)
2025-11-13 16:56:34.171 [INFO] ========================================
2025-11-13 16:56:34.171 [INFO] YOLO BBOX (from model):
2025-11-13 16:56:34.171 [INFO]   bbox_x = 642, bbox_y = 458
2025-11-13 16:56:34.171 [INFO]   bbox_width = 76, bbox_height = 75
2025-11-13 16:56:34.171 [INFO]   bbox corners: (642, 458) to (718, 533)
2025-11-13 16:56:34.171 [INFO] 
2025-11-13 16:56:34.171 [INFO] CIRCLE (calculated from bbox):
2025-11-13 16:56:34.171 [INFO]   center_x = 680, center_y = 496
2025-11-13 16:56:34.171 [INFO]   radius = 38 px
2025-11-13 16:56:34.171 [INFO]   diameter = 76 px
2025-11-13 16:56:34.171 [INFO] 
2025-11-13 16:56:34.171 [INFO] OTHER INFO:
2025-11-13 16:56:34.171 [INFO]   area = 5700 px²
2025-11-13 16:56:34.171 [INFO]   confidence = 0.949073
2025-11-13 16:56:34.171 [INFO]   diameter_um = 0.00 μm
2025-11-13 16:56:34.171 [INFO] ========================================
2025-11-13 16:56:34.521 [INFO] Auto-scrolled to cell at local index 13
2025-11-13 16:56:34.521 [INFO] ========================================
2025-11-13 16:56:34.521 [INFO] CELL #14 CLICKED (Global index: 13, Local index: 13)
2025-11-13 16:56:34.521 [INFO] ========================================
2025-11-13 16:56:34.521 [INFO] YOLO BBOX (from model):
2025-11-13 16:56:34.521 [INFO]   bbox_x = 591, bbox_y = 317
2025-11-13 16:56:34.521 [INFO]   bbox_width = 88, bbox_height = 86
2025-11-13 16:56:34.521 [INFO]   bbox corners: (591, 317) to (679, 403)
2025-11-13 16:56:34.521 [INFO] 
2025-11-13 16:56:34.521 [INFO] CIRCLE (calculated from bbox):
2025-11-13 16:56:34.521 [INFO]   center_x = 635, center_y = 361
2025-11-13 16:56:34.521 [INFO]   radius = 44 px
2025-11-13 16:56:34.521 [INFO]   diameter = 88 px
2025-11-13 16:56:34.521 [INFO] 
2025-11-13 16:56:34.521 [INFO] OTHER INFO:
2025-11-13 16:56:34.521 [INFO]   area = 7568 px²
2025-11-13 16:56:34.521 [INFO]   confidence = 0.910553
2025-11-13 16:56:34.521 [INFO]   diameter_um = 0.00 μm
2025-11-13 16:56:34.521 [INFO] ========================================
2025-11-13 16:56:35.129 [INFO] Auto-scrolled to cell at local index 8
2025-11-13 16:56:35.129 [INFO] ========================================
2025-11-13 16:56:35.129 [INFO] CELL #9 CLICKED (Global index: 8, Local index: 8)
2025-11-13 16:56:35.129 [INFO] ========================================
2025-11-13 16:56:35.129 [INFO] YOLO BBOX (from model):
2025-11-13 16:56:35.129 [INFO]   bbox_x = 704, bbox_y = 294
2025-11-13 16:56:35.129 [INFO]   bbox_width = 72, bbox_height = 71
2025-11-13 16:56:35.129 [INFO]   bbox corners: (704, 294) to (776, 365)
2025-11-13 16:56:35.129 [INFO] 
2025-11-13 16:56:35.129 [INFO] CIRCLE (calculated from bbox):
2025-11-13 16:56:35.129 [INFO]   center_x = 740, center_y = 330
2025-11-13 16:56:35.129 [INFO]   radius = 36 px
2025-11-13 16:56:35.129 [INFO]   diameter = 72 px
2025-11-13 16:56:35.129 [INFO] 
2025-11-13 16:56:35.129 [INFO] OTHER INFO:
2025-11-13 16:56:35.129 [INFO]   area = 5112 px²
2025-11-13 16:56:35.129 [INFO]   confidence = 0.928013
2025-11-13 16:56:35.129 [INFO]   diameter_um = 0.00 μm
2025-11-13 16:56:35.129 [INFO] ========================================
2025-11-13 16:56:36.256 [INFO] Right-click: localIndex=17, globalIndex=17, cell at (556, 261)
2025-11-13 16:56:36.256 [INFO] Cells grouped into 8 files
2025-11-13 16:56:36.286 [INFO] Updated cell list: 25 cells
2025-11-13 16:56:36.307 [INFO] Preview image: showing 25 cells
2025-11-13 16:56:36.317 [INFO] Selected next cell at widget index 17 (global 17) after right-click removal
2025-11-13 16:56:36.317 [INFO] Cell removed by right-click: was at local index 17, global index 17, scroll preserved at 20
2025-11-13 16:56:36.616 [INFO] All thumbnails loaded (25 total)
2025-11-13 16:56:36.737 [INFO] Right-click: localIndex=12, globalIndex=12, cell at (614, 447)
2025-11-13 16:56:36.739 [INFO] Cells grouped into 8 files
2025-11-13 16:56:36.760 [INFO] Updated cell list: 24 cells
2025-11-13 16:56:36.781 [INFO] Preview image: showing 24 cells
2025-11-13 16:56:36.791 [INFO] Selected next cell at widget index 12 (global 12) after right-click removal
2025-11-13 16:56:36.791 [INFO] Cell removed by right-click: was at local index 12, global index 12, scroll preserved at 20
2025-11-13 16:56:37.067 [INFO] All thumbnails loaded (24 total)
2025-11-13 16:56:38.526 [INFO] Right-click: localIndex=17, globalIndex=17, cell at (824, 342)
2025-11-13 16:56:38.537 [INFO] Cells grouped into 8 files
2025-11-13 16:56:38.568 [INFO] Updated cell list: 23 cells
2025-11-13 16:56:38.585 [INFO] Preview image: showing 23 cells
2025-11-13 16:56:38.598 [INFO] Selected next cell at widget index 17 (global 17) after right-click removal
2025-11-13 16:56:38.598 [INFO] Cell removed by right-click: was at local index 17, global index 17, scroll preserved at 20
2025-11-13 16:56:38.877 [INFO] All thumbnails loaded (23 total)
2025-11-13 16:56:38.908 [INFO] Right-click: localIndex=8, globalIndex=8, cell at (740, 330)
2025-11-13 16:56:38.912 [INFO] Cells grouped into 8 files
2025-11-13 16:56:38.939 [INFO] Updated cell list: 22 cells
2025-11-13 16:56:38.949 [INFO] Preview image: showing 22 cells
2025-11-13 16:56:38.959 [INFO] Selected next cell at widget index 8 (global 8) after right-click removal
2025-11-13 16:56:38.959 [INFO] Cell removed by right-click: was at local index 8, global index 8, scroll preserved at 20
2025-11-13 16:56:39.258 [INFO] All thumbnails loaded (22 total)
2025-11-13 16:56:39.641 [INFO] Right-click: localIndex=18, globalIndex=18, cell at (786, 260)
2025-11-13 16:56:39.649 [INFO] Cells grouped into 8 files
2025-11-13 16:56:39.681 [INFO] Updated cell list: 21 cells
2025-11-13 16:56:39.691 [INFO] Preview image: showing 21 cells
2025-11-13 16:56:39.713 [INFO] Selected next cell at widget index 18 (global 18) after right-click removal
2025-11-13 16:56:39.713 [INFO] Cell removed by right-click: was at local index 18, global index 18, scroll preserved at 20
2025-11-13 16:56:39.959 [INFO] Right-click: localIndex=19, globalIndex=19, cell at (854, 261)
2025-11-13 16:56:39.969 [INFO] Cells grouped into 8 files
2025-11-13 16:56:39.990 [INFO] Updated cell list: 20 cells
2025-11-13 16:56:40.001 [INFO] Preview image: showing 20 cells
2025-11-13 16:56:40.021 [INFO] Selected next cell at widget index 19 (global 19) after right-click removal
2025-11-13 16:56:40.021 [INFO] Cell removed by right-click: was at local index 19, global index 19, scroll preserved at 20
2025-11-13 16:56:40.187 [INFO] All thumbnails loaded (20 total)
2025-11-13 16:56:40.410 [INFO] Right-click: localIndex=6, globalIndex=6, cell at (911, 360)
2025-11-13 16:56:40.413 [INFO] Cells grouped into 8 files
2025-11-13 16:56:40.435 [INFO] Updated cell list: 19 cells
2025-11-13 16:56:40.444 [INFO] Preview image: showing 19 cells
2025-11-13 16:56:40.466 [INFO] Selected next cell at widget index 6 (global 6) after right-click removal
2025-11-13 16:56:40.466 [INFO] Cell removed by right-click: was at local index 6, global index 6, scroll preserved at 20
2025-11-13 16:56:40.675 [INFO] All thumbnails loaded (19 total)
2025-11-13 16:56:42.179 [INFO] File tab changed to: D:/github/cell-analyzer/cells/ТИМ/ТИМ2.jpg
2025-11-13 16:56:42.283 [INFO] Updated cell list: 94 cells
2025-11-13 16:56:42.307 [INFO] Preview image: showing 94 cells
2025-11-13 16:56:42.324 [INFO] Auto-scrolled to cell at local index 0
2025-11-13 16:56:42.344 [INFO] ========================================
2025-11-13 16:56:42.344 [INFO] CELL #1 CLICKED (Global index: 19, Local index: 0)
2025-11-13 16:56:42.344 [INFO] ========================================
2025-11-13 16:56:42.344 [INFO] YOLO BBOX (from model):
2025-11-13 16:56:42.344 [INFO]   bbox_x = 448, bbox_y = 153
2025-11-13 16:56:42.344 [INFO]   bbox_width = 75, bbox_height = 73
2025-11-13 16:56:42.344 [INFO]   bbox corners: (448, 153) to (523, 226)
2025-11-13 16:56:42.344 [INFO] 
2025-11-13 16:56:42.344 [INFO] CIRCLE (calculated from bbox):
2025-11-13 16:56:42.344 [INFO]   center_x = 485, center_y = 190
2025-11-13 16:56:42.344 [INFO]   radius = 37 px
2025-11-13 16:56:42.344 [INFO]   diameter = 75 px
2025-11-13 16:56:42.344 [INFO] 
2025-11-13 16:56:42.344 [INFO] OTHER INFO:
2025-11-13 16:56:42.344 [INFO]   area = 5475 px²
2025-11-13 16:56:42.344 [INFO]   confidence = 0.958462
2025-11-13 16:56:42.344 [INFO]   diameter_um = 0.13 μm
2025-11-13 16:56:42.344 [INFO] ========================================
2025-11-13 16:56:43.174 [INFO] Right-click: localIndex=46, globalIndex=65, cell at (293, 192)
2025-11-13 16:56:43.179 [INFO] Cells grouped into 8 files
2025-11-13 16:56:43.309 [INFO] Updated cell list: 93 cells
2025-11-13 16:56:43.331 [INFO] Preview image: showing 93 cells
2025-11-13 16:56:43.365 [INFO] Selected next cell at widget index 46 (global 65) after right-click removal
2025-11-13 16:56:43.365 [INFO] Cell removed by right-click: was at local index 46, global index 65, scroll preserved at 0
2025-11-13 16:56:44.200 [INFO] Right-click: localIndex=14, globalIndex=33, cell at (432, 247)
2025-11-13 16:56:44.211 [INFO] Cells grouped into 8 files
2025-11-13 16:56:44.313 [INFO] Updated cell list: 92 cells
2025-11-13 16:56:44.336 [INFO] Preview image: showing 92 cells
2025-11-13 16:56:44.365 [INFO] Selected next cell at widget index 14 (global 33) after right-click removal
2025-11-13 16:56:44.365 [INFO] Cell removed by right-click: was at local index 14, global index 33, scroll preserved at 0
2025-11-13 16:56:44.427 [INFO] Right-click: localIndex=26, globalIndex=45, cell at (439, 325)
2025-11-13 16:56:44.438 [INFO] Cells grouped into 8 files
2025-11-13 16:56:44.541 [INFO] Updated cell list: 91 cells
2025-11-13 16:56:44.550 [INFO] Preview image: showing 91 cells
2025-11-13 16:56:44.582 [INFO] Selected next cell at widget index 26 (global 45) after right-click removal
2025-11-13 16:56:44.582 [INFO] Cell removed by right-click: was at local index 26, global index 45, scroll preserved at 0
2025-11-13 16:56:45.086 [INFO] Right-click: localIndex=21, globalIndex=40, cell at (534, 327)
2025-11-13 16:56:45.086 [INFO] Cells grouped into 8 files
2025-11-13 16:56:45.188 [INFO] Updated cell list: 90 cells
2025-11-13 16:56:45.199 [INFO] Preview image: showing 90 cells
2025-11-13 16:56:45.229 [INFO] Selected next cell at widget index 21 (global 40) after right-click removal
2025-11-13 16:56:45.229 [INFO] Cell removed by right-click: was at local index 21, global index 40, scroll preserved at 0
2025-11-13 16:56:45.613 [INFO] Right-click: localIndex=20, globalIndex=39, cell at (485, 413)
2025-11-13 16:56:45.623 [INFO] Cells grouped into 8 files
2025-11-13 16:56:45.725 [INFO] Updated cell list: 89 cells
2025-11-13 16:56:45.746 [INFO] Preview image: showing 89 cells
2025-11-13 16:56:45.777 [INFO] Selected next cell at widget index 20 (global 39) after right-click removal
2025-11-13 16:56:45.777 [INFO] Cell removed by right-click: was at local index 20, global index 39, scroll preserved at 0
2025-11-13 16:56:45.973 [INFO] Right-click: localIndex=3, globalIndex=22, cell at (575, 416)
2025-11-13 16:56:45.977 [INFO] Cells grouped into 8 files
2025-11-13 16:56:46.085 [INFO] Updated cell list: 88 cells
2025-11-13 16:56:46.105 [INFO] Preview image: showing 88 cells
2025-11-13 16:56:46.134 [INFO] Selected next cell at widget index 3 (global 22) after right-click removal
2025-11-13 16:56:46.134 [INFO] Cell removed by right-click: was at local index 3, global index 22, scroll preserved at 0
2025-11-13 16:56:46.459 [INFO] Right-click: localIndex=15, globalIndex=34, cell at (684, 338)
2025-11-13 16:56:46.459 [INFO] Cells grouped into 8 files
2025-11-13 16:56:46.561 [INFO] Updated cell list: 87 cells
2025-11-13 16:56:46.574 [INFO] Preview image: showing 87 cells
2025-11-13 16:56:46.609 [INFO] Selected next cell at widget index 15 (global 34) after right-click removal
2025-11-13 16:56:46.609 [INFO] Cell removed by right-click: was at local index 15, global index 34, scroll preserved at 0
2025-11-13 16:56:47.676 [INFO] All thumbnails loaded (87 total)
2025-11-13 16:56:47.739 [INFO] File tab changed to: D:/github/cell-analyzer/cells/ТИМ/ТИМ3.jpg
2025-11-13 16:56:47.789 [INFO] Updated cell list: 43 cells
2025-11-13 16:56:47.810 [INFO] Preview image: showing 43 cells
2025-11-13 16:56:47.820 [INFO] Auto-scrolled to cell at local index 0
2025-11-13 16:56:47.835 [INFO] ========================================
2025-11-13 16:56:47.835 [INFO] CELL #1 CLICKED (Global index: 106, Local index: 0)
2025-11-13 16:56:47.835 [INFO] ========================================
2025-11-13 16:56:47.835 [INFO] YOLO BBOX (from model):
2025-11-13 16:56:47.835 [INFO]   bbox_x = 541, bbox_y = 845
2025-11-13 16:56:47.835 [INFO]   bbox_width = 107, bbox_height = 105
2025-11-13 16:56:47.835 [INFO]   bbox corners: (541, 845) to (648, 950)
2025-11-13 16:56:47.835 [INFO] 
2025-11-13 16:56:47.835 [INFO] CIRCLE (calculated from bbox):
2025-11-13 16:56:47.835 [INFO]   center_x = 594, center_y = 898
2025-11-13 16:56:47.835 [INFO]   radius = 53 px
2025-11-13 16:56:47.835 [INFO]   diameter = 107 px
2025-11-13 16:56:47.835 [INFO] 
2025-11-13 16:56:47.835 [INFO] OTHER INFO:
2025-11-13 16:56:47.835 [INFO]   area = 11235 px²
2025-11-13 16:56:47.836 [INFO]   confidence = 0.939403
2025-11-13 16:56:47.836 [INFO]   diameter_um = 0.00 μm
2025-11-13 16:56:47.836 [INFO] ========================================
2025-11-13 16:56:48.347 [INFO] All thumbnails loaded (43 total)
2025-11-13 16:56:48.776 [INFO] Right-click: localIndex=22, globalIndex=128, cell at (244, 69)
2025-11-13 16:56:48.788 [INFO] Cells grouped into 8 files
2025-11-13 16:56:48.846 [INFO] Updated cell list: 42 cells
2025-11-13 16:56:48.859 [INFO] Preview image: showing 42 cells
2025-11-13 16:56:48.880 [INFO] Selected next cell at widget index 22 (global 128) after right-click removal
2025-11-13 16:56:48.880 [INFO] Cell removed by right-click: was at local index 22, global index 128, scroll preserved at 0
2025-11-13 16:56:49.148 [INFO] Right-click: localIndex=16, globalIndex=122, cell at (298, 130)
2025-11-13 16:56:49.148 [INFO] Cells grouped into 8 files
2025-11-13 16:56:49.200 [INFO] Updated cell list: 41 cells
2025-11-13 16:56:49.210 [INFO] Preview image: showing 41 cells
2025-11-13 16:56:49.231 [INFO] Selected next cell at widget index 16 (global 122) after right-click removal
2025-11-13 16:56:49.231 [INFO] Cell removed by right-click: was at local index 16, global index 122, scroll preserved at 0
2025-11-13 16:56:49.406 [INFO] Right-click: localIndex=39, globalIndex=145, cell at (359, 109)
2025-11-13 16:56:49.418 [INFO] Cells grouped into 8 files
2025-11-13 16:56:49.459 [INFO] Updated cell list: 40 cells
2025-11-13 16:56:49.476 [INFO] Preview image: showing 40 cells
2025-11-13 16:56:49.499 [INFO] Selected next cell at widget index 39 (global 145) after right-click removal
2025-11-13 16:56:49.499 [INFO] Cell removed by right-click: was at local index 39, global index 145, scroll preserved at 0
2025-11-13 16:56:49.914 [INFO] All thumbnails loaded (40 total)
2025-11-13 16:56:49.934 [INFO] Right-click: localIndex=29, globalIndex=135, cell at (412, 39)
2025-11-13 16:56:49.945 [INFO] Cells grouped into 8 files
2025-11-13 16:56:49.986 [INFO] Updated cell list: 39 cells
2025-11-13 16:56:49.996 [INFO] Preview image: showing 39 cells
2025-11-13 16:56:50.016 [INFO] Selected next cell at widget index 29 (global 135) after right-click removal
2025-11-13 16:56:50.016 [INFO] Cell removed by right-click: was at local index 29, global index 135, scroll preserved at 0
2025-11-13 16:56:50.186 [INFO] Right-click: localIndex=30, globalIndex=136, cell at (339, 34)
2025-11-13 16:56:50.191 [INFO] Cells grouped into 8 files
2025-11-13 16:56:50.236 [INFO] Updated cell list: 38 cells
2025-11-13 16:56:50.242 [INFO] Preview image: showing 38 cells
2025-11-13 16:56:50.263 [INFO] Selected next cell at widget index 30 (global 136) after right-click removal
2025-11-13 16:56:50.263 [INFO] Cell removed by right-click: was at local index 30, global index 136, scroll preserved at 0
2025-11-13 16:56:50.562 [INFO] Right-click: localIndex=16, globalIndex=122, cell at (442, 116)
2025-11-13 16:56:50.562 [INFO] Cells grouped into 8 files
2025-11-13 16:56:50.603 [INFO] Updated cell list: 37 cells
2025-11-13 16:56:50.614 [INFO] Preview image: showing 37 cells
2025-11-13 16:56:50.635 [INFO] Selected next cell at widget index 16 (global 122) after right-click removal
2025-11-13 16:56:50.635 [INFO] Cell removed by right-click: was at local index 16, global index 122, scroll preserved at 0
2025-11-13 16:56:50.842 [INFO] Right-click: localIndex=30, globalIndex=136, cell at (502, 58)
2025-11-13 16:56:50.852 [INFO] Cells grouped into 8 files
2025-11-13 16:56:50.883 [INFO] Updated cell list: 36 cells
2025-11-13 16:56:50.894 [INFO] Preview image: showing 36 cells
2025-11-13 16:56:50.914 [INFO] Selected next cell at widget index 30 (global 136) after right-click removal
2025-11-13 16:56:50.914 [INFO] Cell removed by right-click: was at local index 30, global index 136, scroll preserved at 0
2025-11-13 16:56:51.296 [INFO] All thumbnails loaded (36 total)
2025-11-13 16:56:51.637 [INFO] Right-click: localIndex=11, globalIndex=117, cell at (206, 349)
2025-11-13 16:56:51.637 [INFO] Cells grouped into 8 files
2025-11-13 16:56:51.677 [INFO] Updated cell list: 35 cells
2025-11-13 16:56:51.689 [INFO] Preview image: showing 35 cells
2025-11-13 16:56:51.708 [INFO] Selected next cell at widget index 11 (global 117) after right-click removal
2025-11-13 16:56:51.708 [INFO] Cell removed by right-click: was at local index 11, global index 117, scroll preserved at 0
2025-11-13 16:56:51.894 [INFO] Right-click: localIndex=14, globalIndex=120, cell at (119, 343)
2025-11-13 16:56:51.904 [INFO] Cells grouped into 8 files
2025-11-13 16:56:51.935 [INFO] Updated cell list: 34 cells
2025-11-13 16:56:51.946 [INFO] Preview image: showing 34 cells
2025-11-13 16:56:51.966 [INFO] Selected next cell at widget index 14 (global 120) after right-click removal
2025-11-13 16:56:51.966 [INFO] Cell removed by right-click: was at local index 14, global index 120, scroll preserved at 0
2025-11-13 16:56:52.193 [INFO] Right-click: localIndex=25, globalIndex=131, cell at (116, 272)
2025-11-13 16:56:52.193 [INFO] Cells grouped into 8 files
2025-11-13 16:56:52.224 [INFO] Updated cell list: 33 cells
2025-11-13 16:56:52.240 [INFO] Preview image: showing 33 cells
2025-11-13 16:56:52.262 [INFO] Selected next cell at widget index 25 (global 131) after right-click removal
2025-11-13 16:56:52.262 [INFO] Cell removed by right-click: was at local index 25, global index 131, scroll preserved at 0
2025-11-13 16:56:52.493 [INFO] Right-click: localIndex=23, globalIndex=129, cell at (45, 296)
2025-11-13 16:56:52.503 [INFO] Cells grouped into 8 files
2025-11-13 16:56:52.549 [INFO] Updated cell list: 32 cells
2025-11-13 16:56:52.561 [INFO] Preview image: showing 32 cells
2025-11-13 16:56:52.582 [INFO] Selected next cell at widget index 23 (global 129) after right-click removal
2025-11-13 16:56:52.582 [INFO] Cell removed by right-click: was at local index 23, global index 129, scroll preserved at 0
2025-11-13 16:56:52.930 [INFO] All thumbnails loaded (32 total)
2025-11-13 16:56:55.427 [INFO] Right-click: localIndex=31, globalIndex=137, cell at (184, 422)
2025-11-13 16:56:55.432 [INFO] Cells grouped into 8 files
2025-11-13 16:56:55.471 [INFO] Updated cell list: 31 cells
2025-11-13 16:56:55.480 [INFO] Preview image: showing 31 cells
2025-11-13 16:56:55.491 [INFO] Selected next cell at widget index 30 (global 136) after right-click removal
2025-11-13 16:56:55.491 [INFO] Cell removed by right-click: was at local index 31, global index 137, scroll preserved at 0
2025-11-13 16:56:55.910 [INFO] All thumbnails loaded (31 total)
2025-11-13 16:56:57.791 [INFO] VerificationWidget destructor called
2025-11-13 17:31:14.894 [INFO] ==================================================
2025-11-13 17:31:14.895 [INFO] CellAnalyzer application started
2025-11-13 17:31:14.895 [INFO] ==================================================
2025-11-13 17:31:25.656 [INFO] Starting YOLO analysis for 8 images
2025-11-13 17:31:25.657 [INFO] ImageProcessor created (ONNX-based)
2025-11-13 17:31:25.657 [INFO] ImageProcessor created successfully
2025-11-13 17:31:25.658 [INFO] Settings loaded from: D:/github/cell-analyzer/build-release/Release/settings.json
2025-11-13 17:31:25.658 [INFO] Processing 8 images with YOLO (ignoreBorderCells=1, visibilityThreshold=60, diameterRange=25-165)
2025-11-13 17:31:25.658 [INFO] Processing 8 images with YOLO model
2025-11-13 17:31:25.658 [INFO] Model: ml-data/models/yolov8s_cells_v1.0.onnx
2025-11-13 17:31:25.659 [INFO] Confidence threshold: 0.1
2025-11-13 17:31:25.688 [INFO] Loading ONNX model: D:/github/cell-analyzer/build-release/Release/ml-data/models/yolov8s_cells_v1.0.onnx
2025-11-13 17:31:25.811 [INFO] Using CPU backend
2025-11-13 17:31:26.178 [INFO] Output shape: [1, 38, 8400]
2025-11-13 17:31:26.178 [INFO] Image size: 1388x1040
2025-11-13 17:31:26.178 [INFO] Detected NON-transposed format: [1, 38, 8400]
2025-11-13 17:31:26.178 [INFO] Scale factors: scaleX=2.16875, scaleY=1.625
2025-11-13 17:31:26.178 [INFO] Detection 0: x=8.22595, y=6.13378, w=16.959, h=13.0373, score=0.0286407
2025-11-13 17:31:26.178 [INFO] Detection 76: x=604.704, y=5.43094, w=73.3755, h=11.2632, score=0.0162674
2025-11-13 17:31:26.178 [INFO] Detection 975: x=125.601, y=111.564, w=40.985, h=53.0071, score=0.281421
2025-11-13 17:31:26.178 [INFO] Detection 976: x=125.496, y=111.584, w=40.6826, h=53.1266, score=0.106159
2025-11-13 17:31:26.178 [INFO] Detection 1054: x=125.642, y=111.511, w=40.932, h=52.9776, score=0.0127823
2025-11-13 17:31:26.178 [INFO] Before NMS: 347 detections
2025-11-13 17:31:26.178 [INFO] After NMS: 39 detections
2025-11-13 17:31:26.178 [INFO] Cell calculation: bbox(910,412,98,95) -> diameter=98, radius=49, center=(959,461)
2025-11-13 17:31:26.178 [INFO] Cell calculation: bbox(642,458,76,75) -> diameter=76, radius=38, center=(680,496)
2025-11-13 17:31:26.178 [INFO] Cell calculation: bbox(957,500,96,93) -> diameter=96, radius=48, center=(1005,548)
2025-11-13 17:31:26.178 [INFO] Cell calculation: bbox(16,800,80,79) -> diameter=80, radius=40, center=(56,840)
2025-11-13 17:31:26.178 [INFO] Cell calculation: bbox(454,892,105,102) -> diameter=105, radius=52, center=(506,944)
2025-11-13 17:31:26.178 [INFO] Cell calculation: bbox(719,926,111,111) -> diameter=111, radius=55, center=(774,981)
2025-11-13 17:31:26.178 [INFO] Cell calculation: bbox(0,942,48,73) -> diameter=73, radius=36, center=(12,978)
2025-11-13 17:31:26.178 [INFO] Cell calculation: bbox(33,872,98,98) -> diameter=98, radius=49, center=(82,921)
2025-11-13 17:31:26.179 [INFO] Cell calculation: bbox(806,998,76,41) -> diameter=76, radius=38, center=(844,1036)
2025-11-13 17:31:26.179 [INFO] Cell calculation: bbox(818,922,77,80) -> diameter=80, radius=40, center=(858,962)
2025-11-13 17:31:26.179 [INFO] Cell calculation: bbox(0,822,26,106) -> diameter=106, radius=53, center=(-27,875)
2025-11-13 17:31:26.179 [INFO] Cell calculation: bbox(875,1028,62,11) -> diameter=62, radius=31, center=(906,1059)
2025-11-13 17:31:26.179 [INFO] Cell calculation: bbox(712,1022,56,16) -> diameter=56, radius=28, center=(740,1050)
2025-11-13 17:31:26.179 [INFO] ONNX detected 35 cells in D:/github/cell-analyzer/cells/ТИМ/ТИМ1.jpg
2025-11-13 17:31:26.225 [INFO] Loading ONNX model: D:/github/cell-analyzer/build-release/Release/ml-data/models/yolov8s_cells_v1.0.onnx
2025-11-13 17:31:26.334 [INFO] Using CPU backend
2025-11-13 17:31:26.654 [INFO] Output shape: [1, 38, 8400]
2025-11-13 17:31:26.654 [INFO] Image size: 1388x1040
2025-11-13 17:31:26.655 [INFO] Detected NON-transposed format: [1, 38, 8400]
2025-11-13 17:31:26.655 [INFO] Scale factors: scaleX=2.16875, scaleY=1.625
2025-11-13 17:31:26.655 [INFO] Detection 0: x=11.2799, y=5.77863, w=23.0566, h=12.3732, score=0.0371662
2025-11-13 17:31:26.655 [INFO] Detection 1: x=25.0372, y=4.60221, w=50.9569, h=9.36364, score=0.0120038
2025-11-13 17:31:26.655 [INFO] Detection 2: x=26.2921, y=4.7131, w=56.2343, h=9.69751, score=0.0182267
2025-11-13 17:31:26.655 [INFO] Detection 3: x=30.5408, y=4.07967, w=62.9452, h=8.49069, score=0.0139091
2025-11-13 17:31:26.655 [INFO] Detection 4: x=32.926, y=3.59133, w=57.8914, h=7.47881, score=0.016108
2025-11-13 17:31:26.655 [INFO] Before NMS: 966 detections
2025-11-13 17:31:26.655 [INFO] After NMS: 114 detections
2025-11-13 17:31:26.655 [INFO] Cell calculation: bbox(448,153,75,73) -> diameter=75, radius=37, center=(485,190)
2025-11-13 17:31:26.655 [INFO] Cell calculation: bbox(666,851,75,74) -> diameter=75, radius=37, center=(703,888)
2025-11-13 17:31:26.655 [INFO] Cell calculation: bbox(605,529,87,88) -> diameter=88, radius=44, center=(649,573)
2025-11-13 17:31:26.655 [INFO] Cell calculation: bbox(264,979,97,60) -> diameter=97, radius=48, center=(312,1027)
2025-11-13 17:31:26.655 [INFO] Cell calculation: bbox(565,0,89,66) -> diameter=89, radius=44, center=(609,22)
2025-11-13 17:31:26.655 [INFO] Cell calculation: bbox(837,896,99,101) -> diameter=101, radius=50, center=(887,946)
2025-11-13 17:31:26.655 [INFO] Cell calculation: bbox(479,12,109,102) -> diameter=109, radius=54, center=(533,60)
2025-11-13 17:31:26.655 [INFO] Cell calculation: bbox(192,24,76,73) -> diameter=76, radius=38, center=(230,59)
2025-11-13 17:31:26.655 [INFO] Cell calculation: bbox(541,969,88,70) -> diameter=88, radius=44, center=(585,1013)
2025-11-13 17:31:26.656 [INFO] Cell calculation: bbox(1015,0,112,96) -> diameter=112, radius=56, center=(1071,40)
2025-11-13 17:31:26.656 [INFO] Cell calculation: bbox(1303,124,83,102) -> diameter=102, radius=51, center=(1354,175)
2025-11-13 17:31:26.656 [INFO] Cell calculation: bbox(1260,193,92,91) -> diameter=92, radius=46, center=(1306,239)
2025-11-13 17:31:26.656 [INFO] Cell calculation: bbox(648,0,69,27) -> diameter=69, radius=34, center=(682,-7)
2025-11-13 17:31:26.656 [INFO] Cell calculation: bbox(1122,0,68,51) -> diameter=68, radius=34, center=(1156,17)
2025-11-13 17:31:26.656 [INFO] Cell calculation: bbox(192,0,73,25) -> diameter=73, radius=36, center=(228,-11)
2025-11-13 17:31:26.656 [INFO] Cell calculation: bbox(713,0,94,54) -> diameter=94, radius=47, center=(760,7)
2025-11-13 17:31:26.656 [INFO] Cell calculation: bbox(197,958,82,73) -> diameter=82, radius=41, center=(238,999)
2025-11-13 17:31:26.656 [INFO] Cell calculation: bbox(497,0,86,19) -> diameter=86, radius=43, center=(540,-24)
2025-11-13 17:31:26.656 [INFO] Cell calculation: bbox(259,0,156,38) -> diameter=156, radius=78, center=(337,-40)
2025-11-13 17:31:26.656 [INFO] Cell calculation: bbox(876,16,88,85) -> diameter=88, radius=44, center=(920,57)
2025-11-13 17:31:26.656 [INFO] Cell calculation: bbox(765,29,81,67) -> diameter=81, radius=40, center=(805,56)
2025-11-13 17:31:26.656 [INFO] Cell calculation: bbox(809,0,82,65) -> diameter=82, radius=41, center=(850,24)
2025-11-13 17:31:26.656 [INFO] Cell calculation: bbox(1329,630,58,96) -> diameter=96, radius=48, center=(1377,678)
2025-11-13 17:31:26.656 [INFO] Cell calculation: bbox(1182,0,111,91) -> diameter=111, radius=55, center=(1237,36)
2025-11-13 17:31:26.656 [INFO] Cell calculation: bbox(863,0,95,26) -> diameter=95, radius=47, center=(910,-21)
2025-11-13 17:31:26.656 [INFO] Cell calculation: bbox(1255,0,90,24) -> diameter=90, radius=45, center=(1300,-21)
2025-11-13 17:31:26.656 [INFO] Cell calculation: bbox(1272,19,82,82) -> diameter=82, radius=41, center=(1313,60)
2025-11-13 17:31:26.656 [INFO] Cell calculation: bbox(1331,900,56,65) -> diameter=65, radius=32, center=(1363,932)
2025-11-13 17:31:26.656 [INFO] Cell calculation: bbox(1128,541,235,174) -> diameter=235, radius=117, center=(1245,658)
2025-11-13 17:31:26.656 [INFO] Cell calculation: bbox(1360,738,26,100) -> diameter=100, radius=50, center=(1410,788)
2025-11-13 17:31:26.656 [INFO] Cell calculation: bbox(1362,311,24,127) -> diameter=127, radius=63, center=(1425,374)
2025-11-13 17:31:26.656 [INFO] Cell calculation: bbox(1342,0,44,13) -> diameter=44, radius=22, center=(1364,-9)
2025-11-13 17:31:26.656 [INFO] Cell calculation: bbox(436,1022,61,17) -> diameter=61, radius=30, center=(466,1052)
2025-11-13 17:31:26.656 [INFO] Cell calculation: bbox(1353,7,33,86) -> diameter=86, radius=43, center=(1396,50)
2025-11-13 17:31:26.656 [INFO] Cell calculation: bbox(183,1028,94,10) -> diameter=94, radius=47, center=(230,1075)
2025-11-13 17:31:26.656 [INFO] Cell calculation: bbox(1365,67,21,83) -> diameter=83, radius=41, center=(1406,108)
2025-11-13 17:31:26.656 [INFO] Cell calculation: bbox(977,13,44,45) -> diameter=45, radius=22, center=(999,35)
2025-11-13 17:31:26.656 [INFO] Cell calculation: bbox(106,0,99,13) -> diameter=99, radius=49, center=(155,-36)
2025-11-13 17:31:26.656 [INFO] Cell calculation: bbox(1374,875,12,51) -> diameter=51, radius=25, center=(1399,900)
2025-11-13 17:31:26.656 [INFO] Cell calculation: bbox(1369,339,18,100) -> diameter=100, radius=50, center=(1419,389)
2025-11-13 17:31:26.656 [INFO] Cell calculation: bbox(120,0,82,16) -> diameter=82, radius=41, center=(161,-25)
2025-11-13 17:31:26.656 [INFO] ONNX detected 94 cells in D:/github/cell-analyzer/cells/ТИМ/ТИМ2.jpg
2025-11-13 17:31:26.693 [INFO] Scale detected: 100 nm over 57.0351 pixels = 0.00175331 μm/pixel
2025-11-13 17:31:26.693 [INFO] Scale detected: 0.00175331 μm/pixel
2025-11-13 17:31:26.736 [INFO] Loading ONNX model: D:/github/cell-analyzer/build-release/Release/ml-data/models/yolov8s_cells_v1.0.onnx
2025-11-13 17:31:26.848 [INFO] Using CPU backend
2025-11-13 17:31:27.208 [INFO] Output shape: [1, 38, 8400]
2025-11-13 17:31:27.208 [INFO] Image size: 1388x1040
2025-11-13 17:31:27.208 [INFO] Detected NON-transposed format: [1, 38, 8400]
2025-11-13 17:31:27.208 [INFO] Scale factors: scaleX=2.16875, scaleY=1.625
2025-11-13 17:31:27.208 [INFO] Detection 25: x=217.512, y=9.14283, w=37.3926, h=18.0051, score=0.743511
2025-11-13 17:31:27.208 [INFO] Detection 26: x=217.547, y=9.04906, w=37.9979, h=17.934, score=0.852551
2025-11-13 17:31:27.208 [INFO] Detection 27: x=217.574, y=9.23842, w=37.8759, h=18.231, score=0.902476
2025-11-13 17:31:27.208 [INFO] Detection 28: x=217.594, y=9.38101, w=37.9312, h=18.5978, score=0.857801
2025-11-13 17:31:27.208 [INFO] Detection 29: x=218.667, y=9.28098, w=36.9003, h=18.3932, score=0.032254
2025-11-13 17:31:27.208 [INFO] Before NMS: 504 detections
2025-11-13 17:31:27.209 [INFO] After NMS: 55 detections
2025-11-13 17:31:27.209 [INFO] Cell calculation: bbox(541,845,107,105) -> diameter=107, radius=53, center=(594,898)
2025-11-13 17:31:27.209 [INFO] Cell calculation: bbox(711,603,82,82) -> diameter=82, radius=41, center=(752,644)
2025-11-13 17:31:27.209 [INFO] Cell calculation: bbox(943,309,72,72) -> diameter=72, radius=36, center=(979,345)
2025-11-13 17:31:27.209 [INFO] Cell calculation: bbox(807,924,91,90) -> diameter=91, radius=45, center=(852,969)
2025-11-13 17:31:27.209 [INFO] Cell calculation: bbox(0,865,69,110) -> diameter=110, radius=55, center=(14,920)
2025-11-13 17:31:27.209 [INFO] Cell calculation: bbox(756,966,62,60) -> diameter=62, radius=31, center=(787,997)
2025-11-13 17:31:27.209 [INFO] Cell calculation: bbox(430,0,82,29) -> diameter=82, radius=41, center=(471,-12)
2025-11-13 17:31:27.209 [INFO] Cell calculation: bbox(493,939,118,100) -> diameter=118, radius=59, center=(552,998)
2025-11-13 17:31:27.209 [INFO] Cell calculation: bbox(198,25,93,90) -> diameter=93, radius=46, center=(244,69)
2025-11-13 17:31:27.209 [INFO] Cell calculation: bbox(404,994,78,44) -> diameter=78, radius=39, center=(443,1033)
2025-11-13 17:31:27.209 [INFO] Cell calculation: bbox(1181,922,95,93) -> diameter=95, radius=47, center=(1228,969)
2025-11-13 17:31:27.209 [INFO] Cell calculation: bbox(32,738,96,93) -> diameter=96, radius=48, center=(80,786)
2025-11-13 17:31:27.209 [INFO] Cell calculation: bbox(1027,0,71,33) -> diameter=71, radius=35, center=(1062,-2)
2025-11-13 17:31:27.209 [INFO] Cell calculation: bbox(3,252,86,88) -> diameter=88, radius=44, center=(45,296)
2025-11-13 17:31:27.209 [INFO] Cell calculation: bbox(972,1003,79,36) -> diameter=79, radius=39, center=(1011,1042)
2025-11-13 17:31:27.209 [INFO] Cell calculation: bbox(365,0,94,86) -> diameter=94, radius=47, center=(412,39)
2025-11-13 17:31:27.209 [INFO] Cell calculation: bbox(306,1,67,67) -> diameter=67, radius=33, center=(339,34)
2025-11-13 17:31:27.209 [INFO] Cell calculation: bbox(943,6,88,85) -> diameter=88, radius=44, center=(987,47)
2025-11-13 17:31:27.209 [INFO] Cell calculation: bbox(450,12,104,98) -> diameter=104, radius=52, center=(502,58)
2025-11-13 17:31:27.209 [INFO] Cell calculation: bbox(1060,1001,92,37) -> diameter=92, radius=46, center=(1106,1047)
2025-11-13 17:31:27.209 [INFO] Cell calculation: bbox(0,100,32,98) -> diameter=98, radius=49, center=(-17,149)
2025-11-13 17:31:27.209 [INFO] Cell calculation: bbox(524,0,100,17) -> diameter=100, radius=50, center=(574,-33)
2025-11-13 17:31:27.209 [INFO] Cell calculation: bbox(613,1013,94,26) -> diameter=94, radius=47, center=(660,1060)
2025-11-13 17:31:27.209 [INFO] Cell calculation: bbox(1241,0,82,15) -> diameter=82, radius=41, center=(1282,-26)
2025-11-13 17:31:27.209 [INFO] Cell calculation: bbox(0,317,42,78) -> diameter=78, radius=39, center=(3,356)
2025-11-13 17:31:27.209 [INFO] Cell calculation: bbox(1360,705,26,120) -> diameter=120, radius=60, center=(1420,765)
2025-11-13 17:31:27.209 [INFO] Cell calculation: bbox(1372,847,14,105) -> diameter=105, radius=52, center=(1424,899)
2025-11-13 17:31:27.209 [INFO] ONNX detected 43 cells in D:/github/cell-analyzer/cells/ТИМ/ТИМ3.jpg
2025-11-13 17:31:27.255 [INFO] Loading ONNX model: D:/github/cell-analyzer/build-release/Release/ml-data/models/yolov8s_cells_v1.0.onnx
2025-11-13 17:31:27.371 [INFO] Using CPU backend
2025-11-13 17:31:27.776 [INFO] Output shape: [1, 38, 8400]
2025-11-13 17:31:27.776 [INFO] Image size: 1388x1040
2025-11-13 17:31:27.776 [INFO] Detected NON-transposed format: [1, 38, 8400]
2025-11-13 17:31:27.776 [INFO] Scale factors: scaleX=2.16875, scaleY=1.625
2025-11-13 17:31:27.777 [INFO] Detection 0: x=8.48773, y=4.75019, w=16.7196, h=10.2107, score=0.0119261
2025-11-13 17:31:27.777 [INFO] Detection 1: x=26.2546, y=5.4368, w=40.2766, h=10.7324, score=0.187224
2025-11-13 17:31:27.777 [INFO] Detection 2: x=26.1716, y=5.49114, w=37.1565, h=10.8873, score=0.665823
2025-11-13 17:31:27.777 [INFO] Detection 3: x=25.9429, y=5.61697, w=36.2555, h=11.152, score=0.774365
2025-11-13 17:31:27.777 [INFO] Detection 4: x=26.2435, y=5.88177, w=35.2797, h=11.572, score=0.747013
2025-11-13 17:31:27.777 [INFO] Before NMS: 331 detections
2025-11-13 17:31:27.777 [INFO] After NMS: 39 detections
2025-11-13 17:31:27.777 [INFO] Cell calculation: bbox(630,735,74,73) -> diameter=74, radius=37, center=(667,772)
2025-11-13 17:31:27.777 [INFO] Cell calculation: bbox(623,126,118,115) -> diameter=118, radius=59, center=(682,185)
2025-11-13 17:31:27.777 [INFO] Cell calculation: bbox(278,365,104,103) -> diameter=104, radius=52, center=(330,417)
2025-11-13 17:31:27.777 [INFO] Cell calculation: bbox(0,651,95,95) -> diameter=95, radius=47, center=(47,698)
2025-11-13 17:31:27.777 [INFO] Cell calculation: bbox(632,40,88,88) -> diameter=88, radius=44, center=(676,84)
2025-11-13 17:31:27.777 [INFO] Cell calculation: bbox(852,0,114,72) -> diameter=114, radius=57, center=(909,15)
2025-11-13 17:31:27.777 [INFO] Cell calculation: bbox(913,967,98,71) -> diameter=98, radius=49, center=(962,1016)
2025-11-13 17:31:27.777 [INFO] Cell calculation: bbox(37,331,83,82) -> diameter=83, radius=41, center=(78,372)
2025-11-13 17:31:27.777 [INFO] Cell calculation: bbox(110,920,92,91) -> diameter=92, radius=46, center=(156,966)
2025-11-13 17:31:27.777 [INFO] Cell calculation: bbox(772,952,69,69) -> diameter=69, radius=34, center=(806,986)
2025-11-13 17:31:27.777 [INFO] Cell calculation: bbox(1295,45,92,127) -> diameter=127, radius=63, center=(1358,108)
2025-11-13 17:31:27.777 [INFO] Cell calculation: bbox(769,0,77,34) -> diameter=77, radius=38, center=(807,-4)
2025-11-13 17:31:27.777 [INFO] Cell calculation: bbox(1329,347,57,79) -> diameter=79, radius=39, center=(1368,386)
2025-11-13 17:31:27.777 [INFO] Cell calculation: bbox(0,0,57,74) -> diameter=74, radius=37, center=(20,37)
2025-11-13 17:31:27.777 [INFO] Cell calculation: bbox(16,0,78,18) -> diameter=78, radius=39, center=(55,-21)
2025-11-13 17:31:27.777 [INFO] Cell calculation: bbox(1158,1025,96,14) -> diameter=96, radius=48, center=(1206,1073)
2025-11-13 17:31:27.777 [INFO] Cell calculation: bbox(153,0,65,20) -> diameter=65, radius=32, center=(185,-12)
2025-11-13 17:31:27.777 [INFO] Cell calculation: bbox(1355,413,32,76) -> diameter=76, radius=38, center=(1393,451)
2025-11-13 17:31:27.777 [INFO] Cell calculation: bbox(1376,0,10,71) -> diameter=71, radius=35, center=(1411,35)
2025-11-13 17:31:27.777 [INFO] Cell calculation: bbox(1373,0,14,77) -> diameter=77, radius=38, center=(1411,38)
2025-11-13 17:31:27.777 [INFO] Cell calculation: bbox(103,0,62,35) -> diameter=62, radius=31, center=(134,4)
2025-11-13 17:31:27.777 [INFO] Cell calculation: bbox(111,0,97,27) -> diameter=97, radius=48, center=(159,-21)
2025-11-13 17:31:27.777 [INFO] ONNX detected 30 cells in D:/github/cell-analyzer/cells/ТИМ/ТИМ4.jpg
2025-11-13 17:31:27.837 [INFO] Loading ONNX model: D:/github/cell-analyzer/build-release/Release/ml-data/models/yolov8s_cells_v1.0.onnx
2025-11-13 17:31:27.960 [INFO] Using CPU backend
2025-11-13 17:31:28.368 [INFO] Output shape: [1, 38, 8400]
2025-11-13 17:31:28.368 [INFO] Image size: 1388x1040
2025-11-13 17:31:28.368 [INFO] Detected NON-transposed format: [1, 38, 8400]
2025-11-13 17:31:28.368 [INFO] Scale factors: scaleX=2.16875, scaleY=1.625
2025-11-13 17:31:28.368 [INFO] Detection 43: x=354.344, y=15.6787, w=41.6573, h=31.1919, score=0.901814
2025-11-13 17:31:28.368 [INFO] Detection 44: x=354.547, y=15.6966, w=41.9191, h=31.2004, score=0.894044
2025-11-13 17:31:28.368 [INFO] Detection 45: x=354.463, y=15.6823, w=41.7005, h=31.1654, score=0.834917
2025-11-13 17:31:28.368 [INFO] Detection 48: x=397.601, y=18.1689, w=54.4259, h=36.0889, score=0.133433
2025-11-13 17:31:28.368 [INFO] Detection 49: x=397.956, y=18.2989, w=53.8795, h=36.3553, score=0.902578
2025-11-13 17:31:28.368 [INFO] Before NMS: 481 detections
2025-11-13 17:31:28.369 [INFO] After NMS: 54 detections
2025-11-13 17:31:28.369 [INFO] Cell calculation: bbox(329,362,75,75) -> diameter=75, radius=37, center=(366,399)
2025-11-13 17:31:28.369 [INFO] Cell calculation: bbox(49,355,79,78) -> diameter=79, radius=39, center=(88,394)
2025-11-13 17:31:28.369 [INFO] Cell calculation: bbox(239,796,107,108) -> diameter=108, radius=54, center=(293,850)
2025-11-13 17:31:28.369 [INFO] Cell calculation: bbox(723,0,90,50) -> diameter=90, radius=45, center=(768,5)
2025-11-13 17:31:28.369 [INFO] Cell calculation: bbox(804,0,116,59) -> diameter=116, radius=58, center=(862,1)
2025-11-13 17:31:28.369 [INFO] Cell calculation: bbox(1048,911,95,95) -> diameter=95, radius=47, center=(1095,958)
2025-11-13 17:31:28.369 [INFO] Cell calculation: bbox(315,14,84,84) -> diameter=84, radius=42, center=(357,56)
2025-11-13 17:31:28.369 [INFO] Cell calculation: bbox(875,32,78,77) -> diameter=78, radius=39, center=(914,70)
2025-11-13 17:31:28.369 [INFO] Cell calculation: bbox(1301,374,85,118) -> diameter=118, radius=59, center=(1360,433)
2025-11-13 17:31:28.369 [INFO] Cell calculation: bbox(1325,624,61,103) -> diameter=103, radius=51, center=(1376,675)
2025-11-13 17:31:28.369 [INFO] Cell calculation: bbox(1,537,87,86) -> diameter=87, radius=43, center=(44,580)
2025-11-13 17:31:28.369 [INFO] Cell calculation: bbox(1280,85,78,78) -> diameter=78, radius=39, center=(1319,124)
2025-11-13 17:31:28.369 [INFO] Cell calculation: bbox(743,34,102,94) -> diameter=102, radius=51, center=(794,77)
2025-11-13 17:31:28.369 [INFO] Cell calculation: bbox(154,1,98,95) -> diameter=98, radius=49, center=(203,47)
2025-11-13 17:31:28.369 [INFO] Cell calculation: bbox(1257,579,93,89) -> diameter=93, radius=46, center=(1303,625)
2025-11-13 17:31:28.369 [INFO] Cell calculation: bbox(543,5,89,88) -> diameter=89, radius=44, center=(587,49)
2025-11-13 17:31:28.369 [INFO] Cell calculation: bbox(1270,5,84,83) -> diameter=84, radius=42, center=(1312,46)
2025-11-13 17:31:28.369 [INFO] Cell calculation: bbox(1328,542,58,80) -> diameter=80, radius=40, center=(1368,582)
2025-11-13 17:31:28.369 [INFO] Cell calculation: bbox(0,732,42,102) -> diameter=102, radius=51, center=(-9,783)
2025-11-13 17:31:28.369 [INFO] ONNX detected 50 cells in D:/github/cell-analyzer/cells/ТИМ/ТИМ5.jpg
2025-11-13 17:31:28.406 [INFO] Scale detected: 100 nm over 188.043 pixels = 0.000531795 μm/pixel
2025-11-13 17:31:28.406 [INFO] Scale detected: 0.000531795 μm/pixel
2025-11-13 17:31:28.421 [INFO] Loading ONNX model: D:/github/cell-analyzer/build-release/Release/ml-data/models/yolov8s_cells_v1.0.onnx
2025-11-13 17:31:28.545 [INFO] Using CPU backend
2025-11-13 17:31:28.915 [INFO] Output shape: [1, 38, 8400]
2025-11-13 17:31:28.915 [INFO] Image size: 1388x1040
2025-11-13 17:31:28.915 [INFO] Detected NON-transposed format: [1, 38, 8400]
2025-11-13 17:31:28.915 [INFO] Scale factors: scaleX=2.16875, scaleY=1.625
2025-11-13 17:31:28.915 [INFO] Detection 36: x=297.396, y=14.7309, w=40.2995, h=29.2539, score=0.892029
2025-11-13 17:31:28.915 [INFO] Detection 37: x=297.411, y=14.6584, w=40.06, h=29.0964, score=0.899786
2025-11-13 17:31:28.915 [INFO] Detection 38: x=297.409, y=14.7687, w=39.9774, h=29.3427, score=0.868375
2025-11-13 17:31:28.915 [INFO] Detection 45: x=374.581, y=5.08159, w=35.6484, h=10.0341, score=0.625044
2025-11-13 17:31:28.915 [INFO] Detection 46: x=374.849, y=5.03204, w=36.7326, h=9.9578, score=0.747368
2025-11-13 17:31:28.915 [INFO] Before NMS: 320 detections
2025-11-13 17:31:28.915 [INFO] After NMS: 35 detections
2025-11-13 17:31:28.915 [INFO] Cell calculation: bbox(162,594,102,101) -> diameter=102, radius=51, center=(213,645)
2025-11-13 17:31:28.915 [INFO] Cell calculation: bbox(412,691,89,87) -> diameter=89, radius=44, center=(456,735)
2025-11-13 17:31:28.915 [INFO] Cell calculation: bbox(1092,563,80,78) -> diameter=80, radius=40, center=(1132,603)
2025-11-13 17:31:28.915 [INFO] Cell calculation: bbox(1251,480,103,100) -> diameter=103, radius=51, center=(1302,531)
2025-11-13 17:31:28.915 [INFO] Cell calculation: bbox(601,0,86,47) -> diameter=86, radius=43, center=(644,4)
2025-11-13 17:31:28.915 [INFO] Cell calculation: bbox(0,373,75,81) -> diameter=81, radius=40, center=(35,413)
2025-11-13 17:31:28.915 [INFO] Cell calculation: bbox(27,875,85,84) -> diameter=85, radius=42, center=(69,917)
2025-11-13 17:31:28.916 [INFO] Cell calculation: bbox(13,206,80,79) -> diameter=80, radius=40, center=(53,246)
2025-11-13 17:31:28.916 [INFO] Cell calculation: bbox(1263,32,86,81) -> diameter=86, radius=43, center=(1306,70)
2025-11-13 17:31:28.916 [INFO] Cell calculation: bbox(1248,0,73,47) -> diameter=73, radius=36, center=(1284,11)
2025-11-13 17:31:28.916 [INFO] Cell calculation: bbox(1316,0,70,64) -> diameter=70, radius=35, center=(1351,29)
2025-11-13 17:31:28.916 [INFO] Cell calculation: bbox(771,0,81,16) -> diameter=81, radius=40, center=(811,-24)
2025-11-13 17:31:28.916 [INFO] Cell calculation: bbox(1280,1023,85,16) -> diameter=85, radius=42, center=(1322,1065)
2025-11-13 17:31:28.916 [INFO] Cell calculation: bbox(1368,487,18,100) -> diameter=100, radius=50, center=(1418,537)
2025-11-13 17:31:28.916 [INFO] Cell calculation: bbox(1095,0,72,12) -> diameter=72, radius=36, center=(1131,-24)
2025-11-13 17:31:28.916 [INFO] Cell calculation: bbox(1347,45,39,75) -> diameter=75, radius=37, center=(1384,82)
2025-11-13 17:31:28.916 [INFO] ONNX detected 29 cells in D:/github/cell-analyzer/cells/ТИМ/ТИМ6.jpg
2025-11-13 17:31:28.949 [INFO] Scale detected: 100 nm over 257.031 pixels = 0.000389058 μm/pixel
2025-11-13 17:31:28.949 [INFO] Scale detected: 0.000389058 μm/pixel
2025-11-13 17:31:28.961 [INFO] Loading ONNX model: D:/github/cell-analyzer/build-release/Release/ml-data/models/yolov8s_cells_v1.0.onnx
2025-11-13 17:31:29.075 [INFO] Using CPU backend
2025-11-13 17:31:29.387 [INFO] Output shape: [1, 38, 8400]
2025-11-13 17:31:29.387 [INFO] Image size: 1388x1040
2025-11-13 17:31:29.387 [INFO] Detected NON-transposed format: [1, 38, 8400]
2025-11-13 17:31:29.387 [INFO] Scale factors: scaleX=2.16875, scaleY=1.625
2025-11-13 17:31:29.387 [INFO] Detection 31: x=260.504, y=6.91733, w=32.3483, h=13.7143, score=0.755504
2025-11-13 17:31:29.387 [INFO] Detection 32: x=260.288, y=7.00101, w=32.4426, h=13.822, score=0.865899
2025-11-13 17:31:29.387 [INFO] Detection 33: x=260.169, y=7.0308, w=32.5733, h=13.8432, score=0.830258
2025-11-13 17:31:29.387 [INFO] Detection 34: x=260.578, y=6.88154, w=32.9744, h=13.53, score=0.454644
2025-11-13 17:31:29.387 [INFO] Detection 51: x=421.517, y=11.9752, w=47.5782, h=23.6474, score=0.871471
2025-11-13 17:31:29.387 [INFO] Before NMS: 488 detections
2025-11-13 17:31:29.387 [INFO] After NMS: 53 detections
2025-11-13 17:31:29.387 [INFO] Cell calculation: bbox(1054,729,90,88) -> diameter=90, radius=45, center=(1099,774)
2025-11-13 17:31:29.387 [INFO] Cell calculation: bbox(904,574,72,70) -> diameter=72, radius=36, center=(940,610)
2025-11-13 17:31:29.387 [INFO] Cell calculation: bbox(248,596,71,70) -> diameter=71, radius=35, center=(283,631)
2025-11-13 17:31:29.387 [INFO] Cell calculation: bbox(862,0,103,39) -> diameter=103, radius=51, center=(913,-12)
2025-11-13 17:31:29.387 [INFO] Cell calculation: bbox(823,27,96,93) -> diameter=96, radius=48, center=(871,72)
2025-11-13 17:31:29.387 [INFO] Cell calculation: bbox(555,11,89,86) -> diameter=89, radius=44, center=(599,53)
2025-11-13 17:31:29.387 [INFO] Cell calculation: bbox(6,617,89,85) -> diameter=89, radius=44, center=(50,661)
2025-11-13 17:31:29.387 [INFO] Cell calculation: bbox(638,6,68,66) -> diameter=68, radius=34, center=(672,38)
2025-11-13 17:31:29.387 [INFO] Cell calculation: bbox(21,524,98,94) -> diameter=98, radius=49, center=(70,573)
2025-11-13 17:31:29.387 [INFO] Cell calculation: bbox(578,973,81,66) -> diameter=81, radius=40, center=(618,1013)
2025-11-13 17:31:29.387 [INFO] Cell calculation: bbox(1265,0,80,33) -> diameter=80, radius=40, center=(1305,-7)
2025-11-13 17:31:29.387 [INFO] Cell calculation: bbox(712,0,102,82) -> diameter=102, radius=51, center=(763,31)
2025-11-13 17:31:29.387 [INFO] Cell calculation: bbox(1128,32,71,68) -> diameter=71, radius=35, center=(1163,65)
2025-11-13 17:31:29.387 [INFO] Cell calculation: bbox(1252,32,87,87) -> diameter=87, radius=43, center=(1295,75)
2025-11-13 17:31:29.387 [INFO] Cell calculation: bbox(1070,0,79,61) -> diameter=79, radius=39, center=(1109,22)
2025-11-13 17:31:29.387 [INFO] Cell calculation: bbox(529,0,70,22) -> diameter=70, radius=35, center=(564,-13)
2025-11-13 17:31:29.387 [INFO] Cell calculation: bbox(917,28,106,104) -> diameter=106, radius=53, center=(970,79)
2025-11-13 17:31:29.387 [INFO] Cell calculation: bbox(0,1000,90,38) -> diameter=90, radius=45, center=(45,1045)
2025-11-13 17:31:29.387 [INFO] ONNX detected 48 cells in D:/github/cell-analyzer/cells/ТИМ/ТИМ7.jpg
2025-11-13 17:31:29.433 [INFO] Loading ONNX model: D:/github/cell-analyzer/build-release/Release/ml-data/models/yolov8s_cells_v1.0.onnx
2025-11-13 17:31:29.542 [INFO] Using CPU backend
2025-11-13 17:31:29.864 [INFO] Output shape: [1, 38, 8400]
2025-11-13 17:31:29.865 [INFO] Image size: 1388x1040
2025-11-13 17:31:29.865 [INFO] Detected NON-transposed format: [1, 38, 8400]
2025-11-13 17:31:29.865 [INFO] Scale factors: scaleX=2.16875, scaleY=1.625
2025-11-13 17:31:29.865 [INFO] Detection 61: x=490.816, y=17.8964, w=41.8837, h=35.5565, score=0.206317
2025-11-13 17:31:29.865 [INFO] Detection 62: x=490.806, y=18.5888, w=41.7042, h=37.0736, score=0.110655
2025-11-13 17:31:29.865 [INFO] Detection 140: x=490.821, y=18.8908, w=42.5232, h=37.7315, score=0.400662
2025-11-13 17:31:29.865 [INFO] Detection 141: x=490.784, y=18.9337, w=42.1473, h=37.8324, score=0.654215
2025-11-13 17:31:29.865 [INFO] Detection 142: x=490.977, y=19.0593, w=41.6992, h=38.1247, score=0.782326
2025-11-13 17:31:29.865 [INFO] Before NMS: 924 detections
2025-11-13 17:31:29.865 [INFO] After NMS: 101 detections
2025-11-13 17:31:29.865 [INFO] Cell calculation: bbox(826,823,86,84) -> diameter=86, radius=43, center=(869,866)
2025-11-13 17:31:29.865 [INFO] Cell calculation: bbox(674,576,83,79) -> diameter=83, radius=41, center=(715,617)
2025-11-13 17:31:29.865 [INFO] Cell calculation: bbox(617,416,83,79) -> diameter=83, radius=41, center=(658,457)
2025-11-13 17:31:29.865 [INFO] Cell calculation: bbox(834,25,83,87) -> diameter=87, radius=43, center=(877,68)
2025-11-13 17:31:29.865 [INFO] Cell calculation: bbox(1129,911,95,89) -> diameter=95, radius=47, center=(1176,958)
2025-11-13 17:31:29.865 [INFO] Cell calculation: bbox(982,33,98,101) -> diameter=101, radius=50, center=(1032,83)
2025-11-13 17:31:29.866 [INFO] Cell calculation: bbox(1151,994,85,44) -> diameter=85, radius=42, center=(1193,1036)
2025-11-13 17:31:29.866 [INFO] Cell calculation: bbox(688,34,91,88) -> diameter=91, radius=45, center=(733,77)
2025-11-13 17:31:29.866 [INFO] Cell calculation: bbox(1231,996,89,43) -> diameter=89, radius=44, center=(1275,1040)
2025-11-13 17:31:29.866 [INFO] Cell calculation: bbox(1263,934,83,74) -> diameter=83, radius=41, center=(1304,975)
2025-11-13 17:31:29.866 [INFO] Cell calculation: bbox(1308,976,79,62) -> diameter=79, radius=39, center=(1347,1015)
2025-11-13 17:31:29.866 [INFO] Cell calculation: bbox(904,23,92,99) -> diameter=99, radius=49, center=(953,72)
2025-11-13 17:31:29.866 [INFO] Cell calculation: bbox(1089,977,69,61) -> diameter=69, radius=34, center=(1123,1011)
2025-11-13 17:31:29.866 [INFO] Cell calculation: bbox(1019,0,90,61) -> diameter=90, radius=45, center=(1064,16)
2025-11-13 17:31:29.866 [INFO] Cell calculation: bbox(575,968,62,43) -> diameter=62, radius=31, center=(606,999)
2025-11-13 17:31:29.866 [INFO] Cell calculation: bbox(0,477,39,27) -> diameter=39, radius=19, center=(19,496)
2025-11-13 17:31:29.866 [INFO] ONNX detected 99 cells in D:/github/cell-analyzer/cells/ТИМ/ТИМ8.jpg
2025-11-13 17:31:29.902 [INFO] Scale detected: 100 nm over 68.1175 pixels = 0.00146805 μm/pixel
2025-11-13 17:31:29.902 [INFO] Scale detected: 0.00146805 μm/pixel
2025-11-13 17:31:29.936 [INFO] Processing complete. Detected 428 cells total
2025-11-13 17:31:29.936 [INFO] Images processed successfully
2025-11-13 17:31:29.936 [INFO] Detected 428 cells
2025-11-13 17:31:29.936 [INFO] Creating copy of detected cells
2025-11-13 17:31:29.936 [INFO] Copied 428 cells
2025-11-13 17:31:29.936 [INFO] ImageProcessor destroyed
2025-11-13 17:31:29.936 [INFO] ImageProcessor deleted
2025-11-13 17:31:29.936 [INFO] Creating VerificationWidget
2025-11-13 17:31:29.936 [INFO] VerificationWidget constructor called (New Design)
2025-11-13 17:31:29.936 [INFO] Received 428 cells
2025-11-13 17:31:29.957 [INFO] Cells grouped into 8 files
2025-11-13 17:31:29.957 [INFO] groupCellsByFile completed
2025-11-13 17:31:29.957 [INFO] setupUI: Creating main layout
2025-11-13 17:31:29.957 [INFO] setupUI: Creating file tabs
2025-11-13 17:31:29.957 [INFO] setupUI: Added tab for ТИМ1.jpg with 35 cells
2025-11-13 17:31:29.957 [INFO] setupUI: Added tab for ТИМ2.jpg with 94 cells
2025-11-13 17:31:29.958 [INFO] setupUI: Added tab for ТИМ3.jpg with 43 cells
2025-11-13 17:31:29.958 [INFO] setupUI: Added tab for ТИМ4.jpg with 30 cells
2025-11-13 17:31:29.958 [INFO] setupUI: Added tab for ТИМ5.jpg with 50 cells
2025-11-13 17:31:29.958 [INFO] setupUI: Added tab for ТИМ6.jpg with 29 cells
2025-11-13 17:31:29.958 [INFO] setupUI: Added tab for ТИМ7.jpg with 48 cells
2025-11-13 17:31:29.958 [INFO] setupUI: Added tab for ТИМ8.jpg with 99 cells
2025-11-13 17:31:29.958 [INFO] setupUI: File tabs created
2025-11-13 17:31:29.958 [INFO] setupUI: Creating main splitter
2025-11-13 17:31:29.958 [INFO] setupUI: Creating cell list panel
2025-11-13 17:31:29.958 [INFO] setupUI: Creating right panel
2025-11-13 17:31:29.958 [INFO] setupUI: Creating preview widget
2025-11-13 17:31:30.254 [INFO] File tab changed to: D:/github/cell-analyzer/cells/ТИМ/ТИМ1.jpg
2025-11-13 17:31:30.296 [INFO] Updated cell list: 35 cells
2025-11-13 17:31:30.308 [INFO] Preview image: showing 35 cells
2025-11-13 17:31:30.313 [INFO] Auto-scrolled to cell at local index 0
2025-11-13 17:31:30.318 [INFO] ========================================
2025-11-13 17:31:30.318 [INFO] CELL #1 CLICKED (Global index: 0, Local index: 0)
2025-11-13 17:31:30.318 [INFO] ========================================
2025-11-13 17:31:30.318 [INFO] YOLO BBOX (from model):
2025-11-13 17:31:30.318 [INFO]   bbox_x = 910, bbox_y = 412
2025-11-13 17:31:30.318 [INFO]   bbox_width = 98, bbox_height = 95
2025-11-13 17:31:30.318 [INFO]   bbox corners: (910, 412) to (1008, 507)
2025-11-13 17:31:30.318 [INFO] 
2025-11-13 17:31:30.318 [INFO] CIRCLE (calculated from bbox):
2025-11-13 17:31:30.318 [INFO]   center_x = 959, center_y = 461
2025-11-13 17:31:30.318 [INFO]   radius = 49 px
2025-11-13 17:31:30.318 [INFO]   diameter = 98 px
2025-11-13 17:31:30.318 [INFO] 
2025-11-13 17:31:30.318 [INFO] OTHER INFO:
2025-11-13 17:31:30.318 [INFO]   area = 9310 px²
2025-11-13 17:31:30.318 [INFO]   confidence = 0.950647
2025-11-13 17:31:30.318 [INFO]   diameter_um = 0.00 μm
2025-11-13 17:31:30.318 [INFO] ========================================
2025-11-13 17:31:30.318 [INFO] VerificationWidget UI setup completed
2025-11-13 17:31:30.318 [INFO] setupUI completed
2025-11-13 17:31:30.318 [INFO] loadSavedCoefficient: savedCoeff=0.9745
2025-11-13 17:31:30.318 [INFO] Loaded saved coefficient: 0.97450 μm/px
2025-11-13 17:31:30.318 [INFO] loadSavedCoefficient completed
2025-11-13 17:31:30.318 [INFO] Auto-scrolled to cell at local index 0
2025-11-13 17:31:30.323 [INFO] ========================================
2025-11-13 17:31:30.323 [INFO] CELL #1 CLICKED (Global index: 0, Local index: 0)
2025-11-13 17:31:30.323 [INFO] ========================================
2025-11-13 17:31:30.323 [INFO] YOLO BBOX (from model):
2025-11-13 17:31:30.323 [INFO]   bbox_x = 910, bbox_y = 412
2025-11-13 17:31:30.323 [INFO]   bbox_width = 98, bbox_height = 95
2025-11-13 17:31:30.323 [INFO]   bbox corners: (910, 412) to (1008, 507)
2025-11-13 17:31:30.323 [INFO] 
2025-11-13 17:31:30.323 [INFO] CIRCLE (calculated from bbox):
2025-11-13 17:31:30.323 [INFO]   center_x = 959, center_y = 461
2025-11-13 17:31:30.323 [INFO]   radius = 49 px
2025-11-13 17:31:30.323 [INFO]   diameter = 98 px
2025-11-13 17:31:30.323 [INFO] 
2025-11-13 17:31:30.323 [INFO] OTHER INFO:
2025-11-13 17:31:30.323 [INFO]   area = 9310 px²
2025-11-13 17:31:30.323 [INFO]   confidence = 0.950647
2025-11-13 17:31:30.323 [INFO]   diameter_um = 0.00 μm
2025-11-13 17:31:30.323 [INFO] ========================================
2025-11-13 17:31:30.323 [INFO] First cell selected
2025-11-13 17:31:30.323 [INFO] VerificationWidget created successfully
2025-11-13 17:31:30.323 [INFO] Connecting signals
2025-11-13 17:31:30.323 [INFO] Setting VerificationWidget as central widget
2025-11-13 17:31:30.323 [INFO] Analysis started successfully
2025-11-13 17:31:30.722 [INFO] All thumbnails loaded (35 total)
2025-11-13 17:31:45.354 [INFO] Auto-scrolled to cell at local index 22
2025-11-13 17:31:45.403 [INFO] ========================================
2025-11-13 17:31:45.403 [INFO] CELL #23 CLICKED (Global index: 22, Local index: 22)
2025-11-13 17:31:45.403 [INFO] ========================================
2025-11-13 17:31:45.403 [INFO] YOLO BBOX (from model):
2025-11-13 17:31:45.404 [INFO]   bbox_x = 761, bbox_y = 511
2025-11-13 17:31:45.404 [INFO]   bbox_width = 95, bbox_height = 94
2025-11-13 17:31:45.404 [INFO]   bbox corners: (761, 511) to (856, 605)
2025-11-13 17:31:45.404 [INFO] 
2025-11-13 17:31:45.404 [INFO] CIRCLE (calculated from bbox):
2025-11-13 17:31:45.404 [INFO]   center_x = 808, center_y = 558
2025-11-13 17:31:45.404 [INFO]   radius = 47 px
2025-11-13 17:31:45.404 [INFO]   diameter = 95 px
2025-11-13 17:31:45.404 [INFO] 
2025-11-13 17:31:45.404 [INFO] OTHER INFO:
2025-11-13 17:31:45.404 [INFO]   area = 8930 px²
2025-11-13 17:31:45.404 [INFO]   confidence = 0.908601
2025-11-13 17:31:45.404 [INFO]   diameter_um = 0.00 μm
2025-11-13 17:31:45.404 [INFO] ========================================
2025-11-13 17:31:46.267 [INFO] Auto-scrolled to cell at local index 1
2025-11-13 17:31:46.286 [INFO] ========================================
2025-11-13 17:31:46.286 [INFO] CELL #2 CLICKED (Global index: 1, Local index: 1)
2025-11-13 17:31:46.286 [INFO] ========================================
2025-11-13 17:31:46.286 [INFO] YOLO BBOX (from model):
2025-11-13 17:31:46.286 [INFO]   bbox_x = 642, bbox_y = 458
2025-11-13 17:31:46.286 [INFO]   bbox_width = 76, bbox_height = 75
2025-11-13 17:31:46.286 [INFO]   bbox corners: (642, 458) to (718, 533)
2025-11-13 17:31:46.286 [INFO] 
2025-11-13 17:31:46.286 [INFO] CIRCLE (calculated from bbox):
2025-11-13 17:31:46.286 [INFO]   center_x = 680, center_y = 496
2025-11-13 17:31:46.286 [INFO]   radius = 38 px
2025-11-13 17:31:46.286 [INFO]   diameter = 76 px
2025-11-13 17:31:46.286 [INFO] 
2025-11-13 17:31:46.286 [INFO] OTHER INFO:
2025-11-13 17:31:46.286 [INFO]   area = 5700 px²
2025-11-13 17:31:46.286 [INFO]   confidence = 0.949073
2025-11-13 17:31:46.286 [INFO]   diameter_um = 0.00 μm
2025-11-13 17:31:46.286 [INFO] ========================================
2025-11-13 17:31:54.146 [INFO] Auto-scrolled to cell at local index 34
2025-11-13 17:31:54.158 [INFO] ========================================
2025-11-13 17:31:54.158 [INFO] CELL #35 CLICKED (Global index: 34, Local index: 34)
2025-11-13 17:31:54.158 [INFO] ========================================
2025-11-13 17:31:54.158 [INFO] YOLO BBOX (from model):
2025-11-13 17:31:54.158 [INFO]   bbox_x = 773, bbox_y = 217
2025-11-13 17:31:54.158 [INFO]   bbox_width = 119, bbox_height = 88
2025-11-13 17:31:54.158 [INFO]   bbox corners: (773, 217) to (892, 305)
2025-11-13 17:31:54.158 [INFO] 
2025-11-13 17:31:54.158 [INFO] CIRCLE (calculated from bbox):
2025-11-13 17:31:54.158 [INFO]   center_x = 832, center_y = 276
2025-11-13 17:31:54.158 [INFO]   radius = 59 px
2025-11-13 17:31:54.158 [INFO]   diameter = 119 px
2025-11-13 17:31:54.158 [INFO] 
2025-11-13 17:31:54.158 [INFO] OTHER INFO:
2025-11-13 17:31:54.158 [INFO]   area = 10472 px²
2025-11-13 17:31:54.158 [INFO]   confidence = 0.694778
2025-11-13 17:31:54.158 [INFO]   diameter_um = 0.00 μm
2025-11-13 17:31:54.158 [INFO] ========================================
2025-11-13 17:31:54.498 [INFO] Right-click: localIndex=34, globalIndex=34, cell at (832, 276)
2025-11-13 17:31:54.522 [INFO] Cells grouped into 8 files
2025-11-13 17:31:54.577 [INFO] Updated cell list: 34 cells
2025-11-13 17:31:54.602 [INFO] Preview image: showing 34 cells
2025-11-13 17:31:54.628 [INFO] Selected next cell at widget index 33 (global 33) after right-click removal
2025-11-13 17:31:54.628 [INFO] Cell removed by right-click: was at local index 34, global index 34, scroll preserved at 1369
2025-11-13 17:31:55.002 [INFO] All thumbnails loaded (34 total)
2025-11-13 17:32:01.565 [INFO] File tab changed to: D:/github/cell-analyzer/cells/ТИМ/ТИМ2.jpg
2025-11-13 17:32:01.673 [INFO] Updated cell list: 94 cells
2025-11-13 17:32:01.694 [INFO] Preview image: showing 94 cells
2025-11-13 17:32:01.709 [INFO] Auto-scrolled to cell at local index 0
2025-11-13 17:32:01.717 [INFO] ========================================
2025-11-13 17:32:01.717 [INFO] CELL #1 CLICKED (Global index: 34, Local index: 0)
2025-11-13 17:32:01.717 [INFO] ========================================
2025-11-13 17:32:01.717 [INFO] YOLO BBOX (from model):
2025-11-13 17:32:01.717 [INFO]   bbox_x = 448, bbox_y = 153
2025-11-13 17:32:01.717 [INFO]   bbox_width = 75, bbox_height = 73
2025-11-13 17:32:01.717 [INFO]   bbox corners: (448, 153) to (523, 226)
2025-11-13 17:32:01.717 [INFO] 
2025-11-13 17:32:01.717 [INFO] CIRCLE (calculated from bbox):
2025-11-13 17:32:01.717 [INFO]   center_x = 485, center_y = 190
2025-11-13 17:32:01.717 [INFO]   radius = 37 px
2025-11-13 17:32:01.717 [INFO]   diameter = 75 px
2025-11-13 17:32:01.717 [INFO] 
2025-11-13 17:32:01.717 [INFO] OTHER INFO:
2025-11-13 17:32:01.717 [INFO]   area = 5475 px²
2025-11-13 17:32:01.717 [INFO]   confidence = 0.958462
2025-11-13 17:32:01.717 [INFO]   diameter_um = 0.13 μm
2025-11-13 17:32:01.717 [INFO] ========================================
2025-11-13 17:32:02.923 [INFO] All thumbnails loaded (94 total)
2025-11-13 17:32:09.033 [INFO] VerificationWidget destructor called
